applicant_id,split
A-00001,train
A-00002,test
A-00003,train
A-00004,train
A-00005,train
A-00006,test
A-00007,validation
A-00008,test
A-00009,test
A-00010,train
A-00011,validation
A-00012,train
A-00013,train
A-00014,train
A-00015,train
A-00016,train
A-00017,train
A-00018,train
A-00019,train
A-00020,train
A-00021,test
A-00022,train
A-00023,test
A-00024,train
A-00025,train
A-00026,train
A-00027,train
A-00028,train
A-00029,train
A-00030,train
A-00031,validation
A-00032,train
A-00033,train
A-00034,train
A-00035,validation
A-00036,train
A-00037,train
A-00038,test
A-00039,train
A-00040,train
A-00041,train
A-00042,train
A-00043,train
A-00044,train
A-00045,train
A-00046,train
A-00047,train
A-00048,train
A-00049,train
A-00050,test
A-00051,train
A-00052,train
A-00053,train
A-00054,train
A-00055,validation
A-00056,train
A-00057,test
A-00058,test
A-00059,train
A-00060,train
A-00061,train
A-00062,validation
A-00063,train
A-00064,train
A-00065,train
A-00066,train
A-00067,test
A-00068,test
A-00069,train
A-00070,validation
A-00071,train
A-00072,validation
A-00073,train
A-00074,train
A-00075,train
A-00076,train
A-00077,train
A-00078,train
A-00079,train
A-00080,train
A-00081,train
A-00082,train
A-00083,test
A-00084,test
A-00085,validation
A-00086,train
A-00087,train
A-00088,train
A-00089,test
A-00090,train
A-00091,train
A-00092,test
A-00093,validation
A-00094,train
A-00095,train
A-00096,test
A-00097,train
A-00098,train
A-00099,validation
A-00100,test
A-00101,train
A-00102,train
A-00103,train
A-00104,train
A-00105,validation
A-00106,train
A-00107,test
A-00108,train
A-00109,validation
A-00110,test
A-00111,test
A-00112,validation
A-00113,validation
A-00114,train
A-00115,train
A-00116,train
A-00117,validation
A-00118,validation
A-00119,train
A-00120,train
A-00121,test
A-00122,train
A-00123,train
A-00124,train
A-00125,test
A-00126,train
A-00127,train
A-00128,train
A-00129,train
A-00130,validation
A-00131,validation
A-00132,train
A-00133,train
A-00134,train
A-00135,train
A-00136,train
A-00137,train
A-00138,train
A-00139,train
A-00140,train
A-00141,train
A-00142,test
A-00143,test
A-00144,train
A-00145,train
A-00146,train
A-00147,train
A-00148,train
A-00149,train
A-00150,test
A-00151,train
A-00152,train
A-00153,train
A-00154,train
A-00155,train
A-00156,validation
A-00157,validation
A-00158,test
A-00159,train
A-00160,train
A-00161,train
A-00162,train
A-00163,validation
A-00164,test
A-00165,train
A-00166,validation
A-00167,train
A-00168,train
A-00169,train
A-00170,test
A-00171,test
A-00172,train
A-00173,train
A-00174,train
A-00175,test
A-00176,train
A-00177,train
A-00178,test
A-00179,train
A-00180,train
A-00181,train
A-00182,train
A-00183,test
A-00184,train
A-00185,validation
A-00186,validation
A-00187,test
A-00188,train
A-00189,train
A-00190,train
A-00191,train
A-00192,train
A-00193,train
A-00194,train
A-00195,validation
A-00196,validation
A-00197,train
A-00198,train
A-00199,test
A-00200,test
A-00201,train
A-00202,train
A-00203,validation
A-00204,train
A-00205,train
A-00206,train
A-00207,validation
A-00208,train
A-00209,train
A-00210,train
A-00211,train
A-00212,test
A-00213,validation
A-00214,train
A-00215,train
A-00216,validation
A-00217,test
A-00218,train
A-00219,train
A-00220,test
A-00221,test
A-00222,test
A-00223,test
A-00224,train
A-00225,train
A-00226,test
A-00227,train
A-00228,train
A-00229,train
A-00230,train
A-00231,validation
A-00232,train
A-00233,train
A-00234,validation
A-00235,train
A-00236,validation
A-00237,train
A-00238,train
A-00239,validation
A-00240,validation
A-00241,train
A-00242,train
A-00243,train
A-00244,train
A-00245,validation
A-00246,validation
A-00247,train
A-00248,train
A-00249,train
A-00250,train
A-00251,validation
A-00252,train
A-00253,train
A-00254,validation
A-00255,train
A-00256,train
A-00257,train
A-00258,train
A-00259,train
A-00260,train
A-00261,validation
A-00262,train
A-00263,validation
A-00264,validation
A-00265,train
A-00266,train
A-00267,train
A-00268,train
A-00269,validation
A-00270,train
A-00271,train
A-00272,validation
A-00273,train
A-00274,train
A-00275,validation
A-00276,train
A-00277,validation
A-00278,test
A-00279,train
A-00280,train
A-00281,validation
A-00282,train
A-00283,test
A-00284,train
A-00285,train
A-00286,train
A-00287,validation
A-00288,train
A-00289,test
A-00290,train
A-00291,train
A-00292,validation
A-00293,train
A-00294,train
A-00295,train
A-00296,train
A-00297,train
A-00298,train
A-00299,test
A-00300,train
A-00301,train
A-00302,train
A-00303,train
A-00304,train
A-00305,test
A-00306,train
A-00307,train
A-00308,train
A-00309,train
A-00310,test
A-00311,train
A-00312,train
A-00313,train
A-00314,train
A-00315,train
A-00316,train
A-00317,train
A-00318,train
A-00319,test
A-00320,train
A-00321,train
A-00322,validation
A-00323,validation
A-00324,validation
A-00325,test
A-00326,train
A-00327,train
A-00328,train
A-00329,test
A-00330,train
A-00331,train
A-00332,train
A-00333,train
A-00334,train
A-00335,train
A-00336,validation
A-00337,train
A-00338,validation
A-00339,validation
A-00340,train
A-00341,train
A-00342,train
A-00343,train
A-00344,train
A-00345,test
A-00346,train
A-00347,test
A-00348,train
A-00349,train
A-00350,train
A-00351,test
A-00352,validation
A-00353,validation
A-00354,validation
A-00355,train
A-00356,train
A-00357,test
A-00358,train
A-00359,train
A-00360,train
A-00361,test
A-00362,train
A-00363,validation
A-00364,train
A-00365,validation
A-00366,train
A-00367,train
A-00368,train
A-00369,train
A-00370,train
A-00371,test
A-00372,train
A-00373,train
A-00374,train
A-00375,train
A-00376,train
A-00377,train
A-00378,train
A-00379,train
A-00380,train
A-00381,train
A-00382,validation
A-00383,train
A-00384,train
A-00385,train
A-00386,validation
A-00387,train
A-00388,train
A-00389,train
A-00390,train
A-00391,train
A-00392,validation
A-00393,test
A-00394,train
A-00395,train
A-00396,train
A-00397,test
A-00398,validation
A-00399,test
A-00400,train
A-00401,test
A-00402,test
A-00403,validation
A-00404,train
A-00405,train
A-00406,train
A-00407,train
A-00408,validation
A-00409,train
A-00410,test
A-00411,train
A-00412,train
A-00413,train
A-00414,train
A-00415,train
A-00416,train
A-00417,train
A-00418,test
A-00419,train
A-00420,validation
A-00421,validation
A-00422,validation
A-00423,train
A-00424,train
A-00425,validation
A-00426,train
A-00427,train
A-00428,train
A-00429,train
A-00430,train
A-00431,train
A-00432,train
A-00433,train
A-00434,test
A-00435,train
A-00436,train
A-00437,validation
A-00438,train
A-00439,train
A-00440,train
A-00441,validation
A-00442,train
A-00443,validation
A-00444,train
A-00445,validation
A-00446,train
A-00447,train
A-00448,validation
A-00449,train
A-00450,train
A-00451,train
A-00452,train
A-00453,test
A-00454,train
A-00455,train
A-00456,test
A-00457,test
A-00458,train
A-00459,train
A-00460,train
A-00461,train
A-00462,train
A-00463,train
A-00464,train
A-00465,train
A-00466,validation
A-00467,train
A-00468,train
A-00469,train
A-00470,train
A-00471,train
A-00472,test
A-00473,train
A-00474,train
A-00475,train
A-00476,test
A-00477,train
A-00478,train
A-00479,validation
A-00480,train
A-00481,train
A-00482,train
A-00483,train
A-00484,test
A-00485,test
A-00486,train
A-00487,test
A-00488,train
A-00489,train
A-00490,train
A-00491,train
A-00492,train
A-00493,train
A-00494,train
A-00495,train
A-00496,train
A-00497,train
A-00498,train
A-00499,train
A-00500,validation
A-00501,test
A-00502,train
A-00503,train
A-00504,train
A-00505,train
A-00506,train
A-00507,train
A-00508,train
A-00509,train
A-00510,test
A-00511,train
A-00512,validation
A-00513,train
A-00514,train
A-00515,train
A-00516,train
A-00517,train
A-00518,train
A-00519,train
A-00520,train
A-00521,test
A-00522,train
A-00523,test
A-00524,train
A-00525,train
A-00526,test
A-00527,train
A-00528,test
A-00529,train
A-00530,test
A-00531,test
A-00532,train
A-00533,validation
A-00534,validation
A-00535,test
A-00536,train
A-00537,train
A-00538,train
A-00539,train
A-00540,test
A-00541,test
A-00542,validation
A-00543,train
A-00544,train
A-00545,train
A-00546,validation
A-00547,train
A-00548,train
A-00549,validation
A-00550,train
A-00551,validation
A-00552,test
A-00553,train
A-00554,test
A-00555,validation
A-00556,train
A-00557,train
A-00558,validation
A-00559,train
A-00560,train
A-00561,train
A-00562,validation
A-00563,train
A-00564,train
A-00565,train
A-00566,train
A-00567,test
A-00568,test
A-00569,train
A-00570,test
A-00571,train
A-00572,validation
A-00573,train
A-00574,train
A-00575,train
A-00576,train
A-00577,train
A-00578,train
A-00579,train
A-00580,validation
A-00581,train
A-00582,train
A-00583,test
A-00584,train
A-00585,train
A-00586,train
A-00587,validation
A-00588,train
A-00589,train
A-00590,train
A-00591,train
A-00592,train
A-00593,train
A-00594,train
A-00595,train
A-00596,train
A-00597,train
A-00598,validation
A-00599,train
A-00600,test
A-00601,train
A-00602,train
A-00603,train
A-00604,train
A-00605,train
A-00606,test
A-00607,train
A-00608,validation
A-00609,train
A-00610,validation
A-00611,train
A-00612,train
A-00613,validation
A-00614,test
A-00615,test
A-00616,train
A-00617,test
A-00618,train
A-00619,validation
A-00620,train
A-00621,train
A-00622,train
A-00623,test
A-00624,train
A-00625,train
A-00626,validation
A-00627,train
A-00628,train
A-00629,test
A-00630,train
A-00631,train
A-00632,train
A-00633,train
A-00634,train
A-00635,train
A-00636,test
A-00637,train
A-00638,train
A-00639,train
A-00640,train
A-00641,validation
A-00642,validation
A-00643,train
A-00644,train
A-00645,train
A-00646,train
A-00647,train
A-00648,validation
A-00649,train
A-00650,train
A-00651,train
A-00652,train
A-00653,validation
A-00654,train
A-00655,validation
A-00656,train
A-00657,test
A-00658,train
A-00659,train
A-00660,train
A-00661,train
A-00662,validation
A-00663,validation
A-00664,train
A-00665,train
A-00666,validation
A-00667,train
A-00668,train
A-00669,train
A-00670,train
A-00671,train
A-00672,train
A-00673,test
A-00674,train
A-00675,validation
A-00676,validation
A-00677,validation
A-00678,train
A-00679,train
A-00680,validation
A-00681,test
A-00682,train
A-00683,train
A-00684,train
A-00685,train
A-00686,train
A-00687,test
A-00688,train
A-00689,test
A-00690,train
A-00691,train
A-00692,validation
A-00693,train
A-00694,train
A-00695,train
A-00696,test
A-00697,train
A-00698,train
A-00699,train
A-00700,train
A-00701,train
A-00702,train
A-00703,train
A-00704,validation
A-00705,train
A-00706,train
A-00707,train
A-00708,test
A-00709,validation
A-00710,validation
A-00711,train
A-00712,train
A-00713,train
A-00714,train
A-00715,test
A-00716,test
A-00717,train
A-00718,train
A-00719,train
A-00720,test
A-00721,train
A-00722,train
A-00723,train
A-00724,test
A-00725,train
A-00726,train
A-00727,train
A-00728,train
A-00729,train
A-00730,train
A-00731,train
A-00732,train
A-00733,train
A-00734,validation
A-00735,train
A-00736,train
A-00737,train
A-00738,train
A-00739,train
A-00740,train
A-00741,train
A-00742,train
A-00743,validation
A-00744,validation
A-00745,train
A-00746,train
A-00747,train
A-00748,train
A-00749,train
A-00750,train
A-00751,train
A-00752,train
A-00753,validation
A-00754,train
A-00755,train
A-00756,train
A-00757,train
A-00758,train
A-00759,train
A-00760,train
A-00761,test
A-00762,test
A-00763,train
A-00764,train
A-00765,train
A-00766,train
A-00767,test
A-00768,validation
A-00769,train
A-00770,train
A-00771,train
A-00772,test
A-00773,train
A-00774,train
A-00775,train
A-00776,test
A-00777,train
A-00778,train
A-00779,train
A-00780,train
A-00781,train
A-00782,train
A-00783,validation
A-00784,train
A-00785,train
A-00786,train
A-00787,train
A-00788,test
A-00789,train
A-00790,validation
A-00791,test
A-00792,train
A-00793,test
A-00794,train
A-00795,train
A-00796,train
A-00797,train
A-00798,train
A-00799,train
A-00800,validation
A-00801,train
A-00802,validation
A-00803,train
A-00804,train
A-00805,validation
A-00806,validation
A-00807,train
A-00808,test
A-00809,train
A-00810,train
A-00811,train
A-00812,test
A-00813,train
A-00814,train
A-00815,test
A-00816,train
A-00817,train
A-00818,validation
A-00819,train
A-00820,train
A-00821,train
A-00822,train
A-00823,train
A-00824,test
A-00825,validation
A-00826,train
A-00827,train
A-00828,train
A-00829,train
A-00830,train
A-00831,train
A-00832,validation
A-00833,test
A-00834,train
A-00835,train
A-00836,validation
A-00837,validation
A-00838,train
A-00839,train
A-00840,train
A-00841,train
A-00842,train
A-00843,train
A-00844,train
A-00845,validation
A-00846,train
A-00847,train
A-00848,train
A-00849,train
A-00850,train
A-00851,train
A-00852,test
A-00853,train
A-00854,test
A-00855,train
A-00856,train
A-00857,train
A-00858,train
A-00859,train
A-00860,train
A-00861,train
A-00862,validation
A-00863,validation
A-00864,test
A-00865,train
A-00866,test
A-00867,train
A-00868,train
A-00869,train
A-00870,train
A-00871,test
A-00872,train
A-00873,train
A-00874,train
A-00875,test
A-00876,train
A-00877,train
A-00878,train
A-00879,train
A-00880,train
A-00881,train
A-00882,test
A-00883,train
A-00884,train
A-00885,test
A-00886,validation
A-00887,train
A-00888,test
A-00889,train
A-00890,train
A-00891,test
A-00892,train
A-00893,train
A-00894,train
A-00895,train
A-00896,train
A-00897,train
A-00898,train
A-00899,train
A-00900,test
A-00901,test
A-00902,train
A-00903,train
A-00904,test
A-00905,validation
A-00906,train
A-00907,train
A-00908,test
A-00909,train
A-00910,validation
A-00911,train
A-00912,validation
A-00913,validation
A-00914,train
A-00915,train
A-00916,train
A-00917,test
A-00918,test
A-00919,train
A-00920,train
A-00921,validation
A-00922,validation
A-00923,train
A-00924,train
A-00925,train
A-00926,validation
A-00927,test
A-00928,train
A-00929,train
A-00930,test
A-00931,test
A-00932,train
A-00933,train
A-00934,test
A-00935,test
A-00936,validation
A-00937,validation
A-00938,train
A-00939,train
A-00940,validation
A-00941,validation
A-00942,train
A-00943,train
A-00944,train
A-00945,train
A-00946,test
A-00947,train
A-00948,validation
A-00949,validation
A-00950,train
A-00951,test
A-00952,validation
A-00953,train
A-00954,test
A-00955,train
A-00956,train
A-00957,train
A-00958,train
A-00959,train
A-00960,validation
A-00961,train
A-00962,validation
A-00963,train
A-00964,train
A-00965,train
A-00966,validation
A-00967,train
A-00968,train
A-00969,test
A-00970,validation
A-00971,train
A-00972,train
A-00973,train
A-00974,train
A-00975,train
A-00976,validation
A-00977,train
A-00978,train
A-00979,train
A-00980,train
A-00981,validation
A-00982,train
A-00983,train
A-00984,validation
A-00985,validation
A-00986,train
A-00987,test
A-00988,train
A-00989,train
A-00990,test
A-00991,train
A-00992,train
A-00993,test
A-00994,train
A-00995,train
A-00996,validation
A-00997,train
A-00998,train
A-00999,train
A-01000,train
A-01001,train
A-01002,validation
A-01003,train
A-01004,train
A-01005,train
A-01006,train
A-01007,train
A-01008,train
A-01009,train
A-01010,train
A-01011,train
A-01012,train
A-01013,train
A-01014,train
A-01015,train
A-01016,train
A-01017,train
A-01018,train
A-01019,validation
A-01020,validation
A-01021,train
A-01022,train
A-01023,train
A-01024,train
A-01025,train
A-01026,train
A-01027,train
A-01028,train
A-01029,test
A-01030,validation
A-01031,train
A-01032,train
A-01033,test
A-01034,test
A-01035,validation
A-01036,test
A-01037,train
A-01038,train
A-01039,train
A-01040,test
A-01041,train
A-01042,test
A-01043,validation
A-01044,train
A-01045,validation
A-01046,train
A-01047,train
A-01048,train
A-01049,test
A-01050,validation
A-01051,train
A-01052,train
A-01053,train
A-01054,train
A-01055,train
A-01056,test
A-01057,train
A-01058,train
A-01059,train
A-01060,train
A-01061,train
A-01062,train
A-01063,train
A-01064,train
A-01065,train
A-01066,train
A-01067,train
A-01068,train
A-01069,train
A-01070,train
A-01071,train
A-01072,test
A-01073,train
A-01074,train
A-01075,train
A-01076,train
A-01077,train
A-01078,validation
A-01079,train
A-01080,train
A-01081,train
A-01082,train
A-01083,train
A-01084,train
A-01085,train
A-01086,train
A-01087,train
A-01088,train
A-01089,train
A-01090,train
A-01091,train
A-01092,train
A-01093,train
A-01094,train
A-01095,train
A-01096,test
A-01097,train
A-01098,train
A-01099,train
A-01100,train
A-01101,validation
A-01102,train
A-01103,train
A-01104,validation
A-01105,validation
A-01106,train
A-01107,test
A-01108,train
A-01109,train
A-01110,validation
A-01111,train
A-01112,train
A-01113,train
A-01114,test
A-01115,train
A-01116,validation
A-01117,validation
A-01118,test
A-01119,train
A-01120,train
A-01121,train
A-01122,train
A-01123,train
A-01124,validation
A-01125,train
A-01126,validation
A-01127,train
A-01128,test
A-01129,test
A-01130,train
A-01131,train
A-01132,test
A-01133,test
A-01134,train
A-01135,train
A-01136,validation
A-01137,train
A-01138,test
A-01139,train
A-01140,train
A-01141,train
A-01142,train
A-01143,train
A-01144,train
A-01145,test
A-01146,train
A-01147,test
A-01148,validation
A-01149,train
A-01150,train
A-01151,train
A-01152,train
A-01153,train
A-01154,test
A-01155,train
A-01156,train
A-01157,validation
A-01158,train
A-01159,train
A-01160,test
A-01161,train
A-01162,train
A-01163,train
A-01164,validation
A-01165,train
A-01166,test
A-01167,train
A-01168,train
A-01169,validation
A-01170,train
A-01171,validation
A-01172,train
A-01173,test
A-01174,test
A-01175,train
A-01176,train
A-01177,train
A-01178,train
A-01179,train
A-01180,train
A-01181,train
A-01182,train
A-01183,train
A-01184,test
A-01185,train
A-01186,train
A-01187,train
A-01188,train
A-01189,train
A-01190,validation
A-01191,validation
A-01192,train
A-01193,train
A-01194,test
A-01195,train
A-01196,test
A-01197,train
A-01198,train
A-01199,train
A-01200,train
A-01201,train
A-01202,train
A-01203,test
A-01204,train
A-01205,validation
A-01206,validation
A-01207,test
A-01208,train
A-01209,validation
A-01210,train
A-01211,test
A-01212,test
A-01213,train
A-01214,train
A-01215,validation
A-01216,validation
A-01217,train
A-01218,validation
A-01219,train
A-01220,train
A-01221,validation
A-01222,train
A-01223,test
A-01224,test
A-01225,train
A-01226,train
A-01227,validation
A-01228,train
A-01229,train
A-01230,validation
A-01231,validation
A-01232,train
A-01233,train
A-01234,train
A-01235,train
A-01236,train
A-01237,test
A-01238,train
A-01239,train
A-01240,train
A-01241,test
A-01242,test
A-01243,train
A-01244,train
A-01245,validation
A-01246,train
A-01247,train
A-01248,test
A-01249,train
A-01250,train
A-01251,validation
A-01252,train
A-01253,validation
A-01254,train
A-01255,train
A-01256,train
A-01257,validation
A-01258,test
A-01259,train
A-01260,test
A-01261,train
A-01262,train
A-01263,train
A-01264,train
A-01265,train
A-01266,train
A-01267,test
A-01268,train
A-01269,train
A-01270,train
A-01271,test
A-01272,train
A-01273,train
A-01274,train
A-01275,train
A-01276,train
A-01277,train
A-01278,train
A-01279,train
A-01280,train
A-01281,test
A-01282,train
A-01283,train
A-01284,train
A-01285,validation
A-01286,train
A-01287,train
A-01288,train
A-01289,train
A-01290,train
A-01291,train
A-01292,train
A-01293,train
A-01294,test
A-01295,train
A-01296,test
A-01297,train
A-01298,train
A-01299,train
A-01300,train
A-01301,train
A-01302,train
A-01303,test
A-01304,train
A-01305,test
A-01306,test
A-01307,train
A-01308,train
A-01309,validation
A-01310,train
A-01311,train
A-01312,train
A-01313,train
A-01314,train
A-01315,validation
A-01316,train
A-01317,train
A-01318,train
A-01319,test
A-01320,test
A-01321,train
A-01322,train
A-01323,train
A-01324,train
A-01325,train
A-01326,train
A-01327,train
A-01328,train
A-01329,train
A-01330,train
A-01331,train
A-01332,train
A-01333,train
A-01334,train
A-01335,train
A-01336,train
A-01337,train
A-01338,validation
A-01339,train
A-01340,train
A-01341,train
A-01342,train
A-01343,train
A-01344,test
A-01345,train
A-01346,train
A-01347,train
A-01348,train
A-01349,train
A-01350,validation
A-01351,train
A-01352,test
A-01353,train
A-01354,test
A-01355,train
A-01356,train
A-01357,train
A-01358,train
A-01359,train
A-01360,test
A-01361,train
A-01362,train
A-01363,train
A-01364,train
A-01365,test
A-01366,train
A-01367,train
A-01368,train
A-01369,train
A-01370,train
A-01371,test
A-01372,train
A-01373,train
A-01374,train
A-01375,test
A-01376,train
A-01377,validation
A-01378,train
A-01379,train
A-01380,train
A-01381,train
A-01382,validation
A-01383,validation
A-01384,train
A-01385,train
A-01386,test
A-01387,validation
A-01388,validation
A-01389,train
A-01390,train
A-01391,validation
A-01392,train
A-01393,test
A-01394,train
A-01395,validation
A-01396,train
A-01397,train
A-01398,train
A-01399,train
A-01400,test
A-01401,train
A-01402,train
A-01403,train
A-01404,train
A-01405,test
A-01406,train
A-01407,train
A-01408,train
A-01409,train
A-01410,validation
A-01411,train
A-01412,validation
A-01413,train
A-01414,train
A-01415,train
A-01416,validation
A-01417,train
A-01418,train
A-01419,train
A-01420,train
A-01421,train
A-01422,train
A-01423,train
A-01424,test
A-01425,train
A-01426,test
A-01427,test
A-01428,validation
A-01429,test
A-01430,test
A-01431,train
A-01432,train
A-01433,train
A-01434,validation
A-01435,validation
A-01436,train
A-01437,train
A-01438,train
A-01439,train
A-01440,train
A-01441,train
A-01442,train
A-01443,train
A-01444,validation
A-01445,test
A-01446,train
A-01447,test
A-01448,test
A-01449,train
A-01450,test
A-01451,test
A-01452,train
A-01453,validation
A-01454,train
A-01455,train
A-01456,validation
A-01457,train
A-01458,train
A-01459,train
A-01460,validation
A-01461,train
A-01462,validation
A-01463,train
A-01464,train
A-01465,validation
A-01466,train
A-01467,validation
A-01468,test
A-01469,test
A-01470,train
A-01471,train
A-01472,test
A-01473,train
A-01474,validation
A-01475,train
A-01476,train
A-01477,validation
A-01478,train
A-01479,train
A-01480,train
A-01481,train
A-01482,train
A-01483,train
A-01484,train
A-01485,train
A-01486,test
A-01487,train
A-01488,train
A-01489,validation
A-01490,validation
A-01491,train
A-01492,train
A-01493,train
A-01494,train
A-01495,train
A-01496,train
A-01497,train
A-01498,train
A-01499,train
A-01500,validation
A-01501,train
A-01502,train
A-01503,validation
A-01504,train
A-01505,test
A-01506,train
A-01507,test
A-01508,validation
A-01509,train
A-01510,train
A-01511,test
A-01512,train
A-01513,validation
A-01514,validation
A-01515,train
A-01516,validation
A-01517,train
A-01518,train
A-01519,train
A-01520,train
A-01521,validation
A-01522,validation
A-01523,train
A-01524,train
A-01525,validation
A-01526,test
A-01527,train
A-01528,train
A-01529,train
A-01530,test
A-01531,train
A-01532,train
A-01533,train
A-01534,train
A-01535,train
A-01536,train
A-01537,train
A-01538,train
A-01539,train
A-01540,train
A-01541,train
A-01542,train
A-01543,test
A-01544,train
A-01545,train
A-01546,test
A-01547,train
A-01548,train
A-01549,train
A-01550,validation
A-01551,train
A-01552,test
A-01553,train
A-01554,train
A-01555,train
A-01556,train
A-01557,train
A-01558,train
A-01559,validation
A-01560,train
A-01561,test
A-01562,test
A-01563,train
A-01564,validation
A-01565,train
A-01566,train
A-01567,train
A-01568,train
A-01569,train
A-01570,train
A-01571,train
A-01572,train
A-01573,train
A-01574,train
A-01575,train
A-01576,train
A-01577,train
A-01578,train
A-01579,train
A-01580,train
A-01581,train
A-01582,train
A-01583,test
A-01584,train
A-01585,validation
A-01586,validation
A-01587,train
A-01588,train
A-01589,test
A-01590,train
A-01591,train
A-01592,train
A-01593,validation
A-01594,train
A-01595,test
A-01596,train
A-01597,train
A-01598,train
A-01599,train
A-01600,train
A-01601,train
A-01602,train
A-01603,train
A-01604,train
A-01605,train
A-01606,train
A-01607,test
A-01608,test
A-01609,train
A-01610,validation
A-01611,validation
A-01612,train
A-01613,train
A-01614,train
A-01615,train
A-01616,train
A-01617,validation
A-01618,train
A-01619,train
A-01620,train
A-01621,test
A-01622,train
A-01623,test
A-01624,validation
A-01625,validation
A-01626,test
A-01627,validation
A-01628,train
A-01629,test
A-01630,train
A-01631,train
A-01632,train
A-01633,train
A-01634,test
A-01635,train
A-01636,validation
A-01637,validation
A-01638,validation
A-01639,test
A-01640,validation
A-01641,test
A-01642,train
A-01643,validation
A-01644,train
A-01645,train
A-01646,train
A-01647,validation
A-01648,train
A-01649,train
A-01650,validation
A-01651,validation
A-01652,train
A-01653,train
A-01654,train
A-01655,train
A-01656,train
A-01657,train
A-01658,test
A-01659,train
A-01660,train
A-01661,train
A-01662,validation
A-01663,train
A-01664,train
A-01665,train
A-01666,validation
A-01667,train
A-01668,test
A-01669,train
A-01670,test
A-01671,validation
A-01672,train
A-01673,train
A-01674,train
A-01675,train
A-01676,test
A-01677,train
A-01678,test
A-01679,validation
A-01680,train
A-01681,train
A-01682,train
A-01683,train
A-01684,test
A-01685,train
A-01686,train
A-01687,train
A-01688,train
A-01689,train
A-01690,train
A-01691,validation
A-01692,train
A-01693,validation
A-01694,train
A-01695,test
A-01696,validation
A-01697,train
A-01698,test
A-01699,train
A-01700,train
A-01701,validation
A-01702,train
A-01703,train
A-01704,train
A-01705,train
A-01706,validation
A-01707,train
A-01708,train
A-01709,train
A-01710,train
A-01711,train
A-01712,train
A-01713,train
A-01714,train
A-01715,validation
A-01716,train
A-01717,train
A-01718,train
A-01719,train
A-01720,train
A-01721,validation
A-01722,train
A-01723,train
A-01724,train
A-01725,train
A-01726,train
A-01727,train
A-01728,train
A-01729,train
A-01730,test
A-01731,validation
A-01732,train
A-01733,train
A-01734,test
A-01735,validation
A-01736,validation
A-01737,test
A-01738,test
A-01739,train
A-01740,train
A-01741,train
A-01742,train
A-01743,train
A-01744,test
A-01745,train
A-01746,validation
A-01747,train
A-01748,train
A-01749,train
A-01750,train
A-01751,train
A-01752,train
A-01753,train
A-01754,train
A-01755,test
A-01756,validation
A-01757,train
A-01758,train
A-01759,train
A-01760,validation
A-01761,train
A-01762,train
A-01763,validation
A-01764,test
A-01765,train
A-01766,train
A-01767,train
A-01768,train
A-01769,train
A-01770,train
A-01771,train
A-01772,train
A-01773,train
A-01774,train
A-01775,test
A-01776,train
A-01777,validation
A-01778,train
A-01779,train
A-01780,train
A-01781,train
A-01782,validation
A-01783,train
A-01784,train
A-01785,train
A-01786,train
A-01787,test
A-01788,train
A-01789,validation
A-01790,test
A-01791,train
A-01792,train
A-01793,train
A-01794,validation
A-01795,test
A-01796,train
A-01797,validation
A-01798,train
A-01799,train
A-01800,train
A-01801,train
A-01802,test
A-01803,train
A-01804,train
A-01805,test
A-01806,train
A-01807,train
A-01808,train
A-01809,train
A-01810,train
A-01811,test
A-01812,train
A-01813,test
A-01814,test
A-01815,train
A-01816,train
A-01817,train
A-01818,test
A-01819,train
A-01820,validation
A-01821,train
A-01822,test
A-01823,train
A-01824,train
A-01825,train
A-01826,validation
A-01827,train
A-01828,train
A-01829,train
A-01830,train
A-01831,train
A-01832,train
A-01833,train
A-01834,train
A-01835,test
A-01836,train
A-01837,train
A-01838,test
A-01839,test
A-01840,train
A-01841,train
A-01842,train
A-01843,train
A-01844,train
A-01845,train
A-01846,test
A-01847,train
A-01848,train
A-01849,test
A-01850,train
A-01851,train
A-01852,test
A-01853,train
A-01854,train
A-01855,train
A-01856,train
A-01857,validation
A-01858,train
A-01859,train
A-01860,validation
A-01861,train
A-01862,validation
A-01863,train
A-01864,train
A-01865,train
A-01866,train
A-01867,train
A-01868,train
A-01869,train
A-01870,train
A-01871,train
A-01872,train
A-01873,train
A-01874,train
A-01875,train
A-01876,train
A-01877,test
A-01878,validation
A-01879,train
A-01880,train
A-01881,test
A-01882,validation
A-01883,test
A-01884,train
A-01885,train
A-01886,train
A-01887,train
A-01888,validation
A-01889,train
A-01890,train
A-01891,train
A-01892,train
A-01893,train
A-01894,train
A-01895,test
A-01896,train
A-01897,test
A-01898,train
A-01899,train
A-01900,test
A-01901,validation
A-01902,train
A-01903,train
A-01904,train
A-01905,train
A-01906,train
A-01907,test
A-01908,train
A-01909,train
A-01910,test
A-01911,train
A-01912,train
A-01913,test
A-01914,train
A-01915,train
A-01916,train
A-01917,train
A-01918,train
A-01919,validation
A-01920,test
A-01921,train
A-01922,test
A-01923,train
A-01924,train
A-01925,validation
A-01926,train
A-01927,train
A-01928,validation
A-01929,train
A-01930,train
A-01931,train
A-01932,train
A-01933,train
A-01934,validation
A-01935,train
A-01936,validation
A-01937,train
A-01938,train
A-01939,test
A-01940,test
A-01941,train
A-01942,train
A-01943,validation
A-01944,validation
A-01945,train
A-01946,test
A-01947,test
A-01948,train
A-01949,validation
A-01950,train
A-01951,validation
A-01952,train
A-01953,train
A-01954,train
A-01955,test
A-01956,train
A-01957,train
A-01958,train
A-01959,train
A-01960,train
A-01961,test
A-01962,validation
A-01963,train
A-01964,train
A-01965,test
A-01966,train
A-01967,test
A-01968,train
A-01969,train
A-01970,validation
A-01971,test
A-01972,train
A-01973,test
A-01974,train
A-01975,train
A-01976,train
A-01977,test
A-01978,train
A-01979,train
A-01980,train
A-01981,train
A-01982,train
A-01983,train
A-01984,train
A-01985,train
A-01986,train
A-01987,train
A-01988,test
A-01989,test
A-01990,train
A-01991,train
A-01992,train
A-01993,train
A-01994,validation
A-01995,train
A-01996,train
A-01997,train
A-01998,validation
A-01999,validation
A-02000,test
A-02001,train
A-02002,train
A-02003,test
A-02004,validation
A-02005,train
A-02006,validation
A-02007,validation
A-02008,train
A-02009,train
A-02010,validation
A-02011,train
A-02012,train
A-02013,train
A-02014,train
A-02015,train
A-02016,train
A-02017,train
A-02018,train
A-02019,train
A-02020,train
A-02021,train
A-02022,train
A-02023,train
A-02024,train
A-02025,train
A-02026,test
A-02027,train
A-02028,validation
A-02029,test
A-02030,train
A-02031,validation
A-02032,train
A-02033,test
A-02034,test
A-02035,train
A-02036,validation
A-02037,validation
A-02038,train
A-02039,test
A-02040,train
A-02041,test
A-02042,train
A-02043,train
A-02044,train
A-02045,train
A-02046,test
A-02047,test
A-02048,train
A-02049,train
A-02050,train
A-02051,test
A-02052,train
A-02053,train
A-02054,test
A-02055,train
A-02056,train
A-02057,test
A-02058,train
A-02059,train
A-02060,test
A-02061,validation
A-02062,train
A-02063,train
A-02064,train
A-02065,train
A-02066,validation
A-02067,train
A-02068,train
A-02069,validation
A-02070,train
A-02071,train
A-02072,train
A-02073,train
A-02074,train
A-02075,train
A-02076,test
A-02077,test
A-02078,train
A-02079,train
A-02080,validation
A-02081,train
A-02082,train
A-02083,train
A-02084,test
A-02085,test
A-02086,train
A-02087,train
A-02088,train
A-02089,train
A-02090,train
A-02091,train
A-02092,train
A-02093,train
A-02094,test
A-02095,train
A-02096,train
A-02097,train
A-02098,train
A-02099,train
A-02100,test
A-02101,test
A-02102,train
A-02103,train
A-02104,train
A-02105,train
A-02106,train
A-02107,train
A-02108,train
A-02109,validation
A-02110,train
A-02111,train
A-02112,train
A-02113,train
A-02114,train
A-02115,train
A-02116,test
A-02117,train
A-02118,train
A-02119,test
A-02120,train
A-02121,train
A-02122,train
A-02123,train
A-02124,train
A-02125,train
A-02126,train
A-02127,train
A-02128,train
A-02129,train
A-02130,validation
A-02131,test
A-02132,train
A-02133,train
A-02134,validation
A-02135,test
A-02136,train
A-02137,validation
A-02138,validation
A-02139,test
A-02140,train
A-02141,train
A-02142,train
A-02143,train
A-02144,train
A-02145,train
A-02146,validation
A-02147,test
A-02148,train
A-02149,train
A-02150,train
A-02151,validation
A-02152,train
A-02153,validation
A-02154,train
A-02155,train
A-02156,train
A-02157,train
A-02158,train
A-02159,validation
A-02160,train
A-02161,train
A-02162,train
A-02163,train
A-02164,test
A-02165,train
A-02166,train
A-02167,train
A-02168,train
A-02169,train
A-02170,train
A-02171,train
A-02172,train
A-02173,train
A-02174,train
A-02175,train
A-02176,train
A-02177,train
A-02178,test
A-02179,train
A-02180,validation
A-02181,train
A-02182,train
A-02183,validation
A-02184,validation
A-02185,train
A-02186,train
A-02187,train
A-02188,test
A-02189,train
A-02190,train
A-02191,train
A-02192,train
A-02193,train
A-02194,validation
A-02195,test
A-02196,train
A-02197,test
A-02198,train
A-02199,validation
A-02200,train
A-02201,validation
A-02202,train
A-02203,validation
A-02204,test
A-02205,train
A-02206,train
A-02207,train
A-02208,train
A-02209,train
A-02210,train
A-02211,train
A-02212,train
A-02213,test
A-02214,validation
A-02215,validation
A-02216,validation
A-02217,test
A-02218,train
A-02219,train
A-02220,validation
A-02221,train
A-02222,test
A-02223,validation
A-02224,validation
A-02225,train
A-02226,train
A-02227,train
A-02228,train
A-02229,train
A-02230,train
A-02231,train
A-02232,test
A-02233,train
A-02234,train
A-02235,validation
A-02236,train
A-02237,train
A-02238,train
A-02239,train
A-02240,train
A-02241,train
A-02242,train
A-02243,train
A-02244,test
A-02245,train
A-02246,train
A-02247,test
A-02248,train
A-02249,validation
A-02250,validation
A-02251,train
A-02252,test
A-02253,train
A-02254,train
A-02255,test
A-02256,validation
A-02257,train
A-02258,train
A-02259,validation
A-02260,test
A-02261,train
A-02262,train
A-02263,train
A-02264,train
A-02265,train
A-02266,test
A-02267,train
A-02268,train
A-02269,train
A-02270,train
A-02271,train
A-02272,train
A-02273,train
A-02274,validation
A-02275,test
A-02276,train
A-02277,train
A-02278,validation
A-02279,validation
A-02280,train
A-02281,train
A-02282,train
A-02283,test
A-02284,train
A-02285,train
A-02286,train
A-02287,train
A-02288,train
A-02289,train
A-02290,train
A-02291,test
A-02292,train
A-02293,train
A-02294,train
A-02295,train
A-02296,train
A-02297,train
A-02298,train
A-02299,train
A-02300,validation
A-02301,train
A-02302,train
A-02303,train
A-02304,validation
A-02305,train
A-02306,train
A-02307,train
A-02308,train
A-02309,train
A-02310,train
A-02311,train
A-02312,train
A-02313,train
A-02314,train
A-02315,train
A-02316,validation
A-02317,train
A-02318,train
A-02319,train
A-02320,validation
A-02321,train
A-02322,test
A-02323,train
A-02324,train
A-02325,train
A-02326,train
A-02327,test
A-02328,train
A-02329,validation
A-02330,train
A-02331,train
A-02332,test
A-02333,train
A-02334,validation
A-02335,train
A-02336,validation
A-02337,train
A-02338,validation
A-02339,train
A-02340,validation
A-02341,train
A-02342,train
A-02343,train
A-02344,validation
A-02345,train
A-02346,validation
A-02347,train
A-02348,train
A-02349,train
A-02350,train
A-02351,validation
A-02352,train
A-02353,validation
A-02354,train
A-02355,validation
A-02356,test
A-02357,train
A-02358,validation
A-02359,validation
A-02360,train
A-02361,train
A-02362,test
A-02363,validation
A-02364,train
A-02365,train
A-02366,test
A-02367,test
A-02368,train
A-02369,train
A-02370,train
A-02371,train
A-02372,validation
A-02373,train
A-02374,train
A-02375,test
A-02376,train
A-02377,train
A-02378,test
A-02379,train
A-02380,train
A-02381,train
A-02382,train
A-02383,train
A-02384,test
A-02385,train
A-02386,train
A-02387,validation
A-02388,train
A-02389,train
A-02390,validation
A-02391,train
A-02392,test
A-02393,train
A-02394,train
A-02395,train
A-02396,train
A-02397,validation
A-02398,train
A-02399,test
A-02400,train
A-02401,validation
A-02402,validation
A-02403,test
A-02404,train
A-02405,train
A-02406,validation
A-02407,train
A-02408,train
A-02409,train
A-02410,test
A-02411,train
A-02412,train
A-02413,train
A-02414,train
A-02415,train
A-02416,train
A-02417,train
A-02418,train
A-02419,train
A-02420,train
A-02421,validation
A-02422,test
A-02423,train
A-02424,train
A-02425,test
A-02426,train
A-02427,train
A-02428,train
A-02429,train
A-02430,train
A-02431,train
A-02432,train
A-02433,train
A-02434,test
A-02435,train
A-02436,test
A-02437,validation
A-02438,test
A-02439,train
A-02440,train
A-02441,test
A-02442,train
A-02443,train
A-02444,train
A-02445,train
A-02446,train
A-02447,train
A-02448,validation
A-02449,test
A-02450,train
A-02451,test
A-02452,validation
A-02453,train
A-02454,train
A-02455,train
A-02456,train
A-02457,validation
A-02458,validation
A-02459,train
A-02460,train
A-02461,train
A-02462,train
A-02463,train
A-02464,train
A-02465,validation
A-02466,train
A-02467,train
A-02468,train
A-02469,validation
A-02470,train
A-02471,test
A-02472,train
A-02473,train
A-02474,train
A-02475,train
A-02476,train
A-02477,train
A-02478,train
A-02479,validation
A-02480,train
A-02481,train
A-02482,validation
A-02483,train
A-02484,test
A-02485,train
A-02486,test
A-02487,train
A-02488,train
A-02489,train
A-02490,train
A-02491,train
A-02492,validation
A-02493,train
A-02494,train
A-02495,test
A-02496,train
A-02497,train
A-02498,train
A-02499,train
A-02500,test
A-02501,validation
A-02502,train
A-02503,test
A-02504,test
A-02505,train
A-02506,train
A-02507,test
A-02508,validation
A-02509,train
A-02510,train
A-02511,test
A-02512,validation
A-02513,train
A-02514,train
A-02515,train
A-02516,train
A-02517,train
A-02518,train
A-02519,train
A-02520,train
A-02521,test
A-02522,train
A-02523,train
A-02524,train
A-02525,test
A-02526,train
A-02527,validation
A-02528,train
A-02529,train
A-02530,validation
A-02531,validation
A-02532,train
A-02533,validation
A-02534,train
A-02535,train
A-02536,train
A-02537,train
A-02538,train
A-02539,train
A-02540,train
A-02541,train
A-02542,train
A-02543,train
A-02544,train
A-02545,train
A-02546,train
A-02547,train
A-02548,train
A-02549,train
A-02550,train
A-02551,train
A-02552,test
A-02553,train
A-02554,test
A-02555,test
A-02556,train
A-02557,train
A-02558,train
A-02559,validation
A-02560,train
A-02561,train
A-02562,train
A-02563,train
A-02564,train
A-02565,train
A-02566,train
A-02567,train
A-02568,test
A-02569,test
A-02570,test
A-02571,train
A-02572,train
A-02573,test
A-02574,train
A-02575,train
A-02576,train
A-02577,train
A-02578,train
A-02579,train
A-02580,train
A-02581,test
A-02582,train
A-02583,test
A-02584,validation
A-02585,train
A-02586,validation
A-02587,train
A-02588,train
A-02589,train
A-02590,test
A-02591,train
A-02592,train
A-02593,train
A-02594,train
A-02595,test
A-02596,train
A-02597,train
A-02598,train
A-02599,validation
A-02600,train
A-02601,train
A-02602,train
A-02603,validation
A-02604,train
A-02605,train
A-02606,train
A-02607,train
A-02608,test
A-02609,train
A-02610,train
A-02611,train
A-02612,train
A-02613,train
A-02614,validation
A-02615,train
A-02616,train
A-02617,train
A-02618,train
A-02619,test
A-02620,test
A-02621,train
A-02622,validation
A-02623,train
A-02624,train
A-02625,train
A-02626,train
A-02627,validation
A-02628,train
A-02629,test
A-02630,train
A-02631,train
A-02632,train
A-02633,train
A-02634,train
A-02635,train
A-02636,train
A-02637,train
A-02638,train
A-02639,train
A-02640,train
A-02641,train
A-02642,test
A-02643,train
A-02644,train
A-02645,train
A-02646,train
A-02647,train
A-02648,train
A-02649,validation
A-02650,train
A-02651,train
A-02652,validation
A-02653,validation
A-02654,validation
A-02655,train
A-02656,validation
A-02657,validation
A-02658,train
A-02659,train
A-02660,train
A-02661,train
A-02662,validation
A-02663,train
A-02664,validation
A-02665,test
A-02666,train
A-02667,test
A-02668,validation
A-02669,train
A-02670,train
A-02671,train
A-02672,train
A-02673,test
A-02674,train
A-02675,train
A-02676,train
A-02677,train
A-02678,validation
A-02679,train
A-02680,train
A-02681,train
A-02682,test
A-02683,test
A-02684,train
A-02685,train
A-02686,train
A-02687,train
A-02688,train
A-02689,train
A-02690,validation
A-02691,validation
A-02692,train
A-02693,train
A-02694,validation
A-02695,train
A-02696,validation
A-02697,validation
A-02698,validation
A-02699,train
A-02700,validation
A-02701,train
A-02702,train
A-02703,train
A-02704,test
A-02705,train
A-02706,train
A-02707,train
A-02708,test
A-02709,train
A-02710,train
A-02711,train
A-02712,train
A-02713,train
A-02714,train
A-02715,train
A-02716,validation
A-02717,train
A-02718,test
A-02719,train
A-02720,train
A-02721,train
A-02722,train
A-02723,test
A-02724,validation
A-02725,validation
A-02726,train
A-02727,train
A-02728,train
A-02729,train
A-02730,test
A-02731,validation
A-02732,train
A-02733,train
A-02734,train
A-02735,train
A-02736,train
A-02737,train
A-02738,train
A-02739,train
A-02740,validation
A-02741,train
A-02742,train
A-02743,train
A-02744,test
A-02745,train
A-02746,train
A-02747,train
A-02748,train
A-02749,train
A-02750,train
A-02751,test
A-02752,train
A-02753,test
A-02754,train
A-02755,train
A-02756,train
A-02757,train
A-02758,train
A-02759,train
A-02760,train
A-02761,validation
A-02762,train
A-02763,train
A-02764,train
A-02765,train
A-02766,train
A-02767,test
A-02768,test
A-02769,train
A-02770,train
A-02771,train
A-02772,test
A-02773,validation
A-02774,train
A-02775,test
A-02776,validation
A-02777,train
A-02778,train
A-02779,train
A-02780,test
A-02781,train
A-02782,train
A-02783,train
A-02784,validation
A-02785,validation
A-02786,test
A-02787,train
A-02788,test
A-02789,train
A-02790,train
A-02791,train
A-02792,train
A-02793,validation
A-02794,train
A-02795,train
A-02796,train
A-02797,validation
A-02798,train
A-02799,train
A-02800,train
A-02801,train
A-02802,train
A-02803,train
A-02804,train
A-02805,train
A-02806,train
A-02807,test
A-02808,train
A-02809,train
A-02810,train
A-02811,validation
A-02812,train
A-02813,validation
A-02814,train
A-02815,train
A-02816,train
A-02817,train
A-02818,train
A-02819,test
A-02820,train
A-02821,train
A-02822,train
A-02823,train
A-02824,train
A-02825,test
A-02826,train
A-02827,train
A-02828,train
A-02829,train
A-02830,test
A-02831,train
A-02832,train
A-02833,test
A-02834,train
A-02835,train
A-02836,train
A-02837,train
A-02838,train
A-02839,train
A-02840,train
A-02841,train
A-02842,train
A-02843,validation
A-02844,train
A-02845,test
A-02846,train
A-02847,train
A-02848,test
A-02849,train
A-02850,test
A-02851,validation
A-02852,train
A-02853,test
A-02854,train
A-02855,validation
A-02856,train
A-02857,train
A-02858,test
A-02859,train
A-02860,test
A-02861,train
A-02862,train
A-02863,train
A-02864,train
A-02865,test
A-02866,train
A-02867,train
A-02868,train
A-02869,train
A-02870,train
A-02871,train
A-02872,train
A-02873,train
A-02874,test
A-02875,train
A-02876,test
A-02877,train
A-02878,train
A-02879,train
A-02880,validation
A-02881,train
A-02882,train
A-02883,train
A-02884,train
A-02885,train
A-02886,validation
A-02887,train
A-02888,test
A-02889,train
A-02890,validation
A-02891,train
A-02892,test
A-02893,test
A-02894,train
A-02895,train
A-02896,train
A-02897,train
A-02898,train
A-02899,train
A-02900,train
A-02901,train
A-02902,train
A-02903,train
A-02904,train
A-02905,train
A-02906,validation
A-02907,validation
A-02908,train
A-02909,train
A-02910,test
A-02911,train
A-02912,train
A-02913,train
A-02914,train
A-02915,test
A-02916,train
A-02917,train
A-02918,validation
A-02919,test
A-02920,train
A-02921,train
A-02922,train
A-02923,train
A-02924,train
A-02925,test
A-02926,validation
A-02927,test
A-02928,test
A-02929,train
A-02930,train
A-02931,test
A-02932,train
A-02933,validation
A-02934,train
A-02935,train
A-02936,train
A-02937,validation
A-02938,test
A-02939,train
A-02940,validation
A-02941,train
A-02942,train
A-02943,train
A-02944,train
A-02945,train
A-02946,train
A-02947,train
A-02948,train
A-02949,train
A-02950,train
A-02951,train
A-02952,train
A-02953,validation
A-02954,train
A-02955,validation
A-02956,train
A-02957,test
A-02958,train
A-02959,train
A-02960,train
A-02961,test
A-02962,train
A-02963,train
A-02964,train
A-02965,validation
A-02966,validation
A-02967,train
A-02968,train
A-02969,train
A-02970,test
A-02971,test
A-02972,train
A-02973,train
A-02974,train
A-02975,test
A-02976,train
A-02977,train
A-02978,train
A-02979,test
A-02980,train
A-02981,validation
A-02982,train
A-02983,validation
A-02984,test
A-02985,test
A-02986,train
A-02987,test
A-02988,train
A-02989,train
A-02990,train
A-02991,train
A-02992,train
A-02993,test
A-02994,train
A-02995,validation
A-02996,train
A-02997,train
A-02998,train
A-02999,train
A-03000,train
A-03001,test
A-03002,train
A-03003,train
A-03004,train
A-03005,validation
A-03006,train
A-03007,validation
A-03008,train
A-03009,train
A-03010,train
A-03011,test
A-03012,validation
A-03013,validation
A-03014,train
A-03015,train
A-03016,train
A-03017,test
A-03018,train
A-03019,train
A-03020,train
A-03021,validation
A-03022,test
A-03023,train
A-03024,train
A-03025,train
A-03026,validation
A-03027,train
A-03028,validation
A-03029,validation
A-03030,validation
A-03031,test
A-03032,train
A-03033,train
A-03034,train
A-03035,train
A-03036,train
A-03037,train
A-03038,train
A-03039,train
A-03040,test
A-03041,test
A-03042,train
A-03043,validation
A-03044,train
A-03045,train
A-03046,train
A-03047,test
A-03048,train
A-03049,train
A-03050,train
A-03051,train
A-03052,train
A-03053,train
A-03054,train
A-03055,train
A-03056,train
A-03057,test
A-03058,train
A-03059,train
A-03060,train
A-03061,train
A-03062,train
A-03063,train
A-03064,train
A-03065,train
A-03066,train
A-03067,train
A-03068,train
A-03069,validation
A-03070,train
A-03071,train
A-03072,validation
A-03073,train
A-03074,train
A-03075,train
A-03076,test
A-03077,validation
A-03078,train
A-03079,train
A-03080,train
A-03081,train
A-03082,test
A-03083,train
A-03084,train
A-03085,train
A-03086,train
A-03087,validation
A-03088,train
A-03089,test
A-03090,test
A-03091,validation
A-03092,train
A-03093,train
A-03094,validation
A-03095,train
A-03096,train
A-03097,train
A-03098,validation
A-03099,train
A-03100,test
A-03101,train
A-03102,train
A-03103,train
A-03104,train
A-03105,train
A-03106,train
A-03107,train
A-03108,train
A-03109,train
A-03110,train
A-03111,train
A-03112,train
A-03113,validation
A-03114,train
A-03115,test
A-03116,train
A-03117,test
A-03118,train
A-03119,train
A-03120,train
A-03121,train
A-03122,validation
A-03123,train
A-03124,train
A-03125,train
A-03126,train
A-03127,train
A-03128,train
A-03129,validation
A-03130,validation
A-03131,test
A-03132,validation
A-03133,train
A-03134,train
A-03135,train
A-03136,train
A-03137,train
A-03138,test
A-03139,train
A-03140,train
A-03141,validation
A-03142,train
A-03143,validation
A-03144,test
A-03145,test
A-03146,train
A-03147,validation
A-03148,train
A-03149,train
A-03150,validation
A-03151,train
A-03152,test
A-03153,train
A-03154,train
A-03155,train
A-03156,test
A-03157,train
A-03158,train
A-03159,train
A-03160,train
A-03161,test
A-03162,train
A-03163,train
A-03164,train
A-03165,test
A-03166,validation
A-03167,test
A-03168,train
A-03169,train
A-03170,train
A-03171,train
A-03172,train
A-03173,validation
A-03174,test
A-03175,train
A-03176,validation
A-03177,train
A-03178,train
A-03179,test
A-03180,train
A-03181,train
A-03182,train
A-03183,validation
A-03184,train
A-03185,validation
A-03186,train
A-03187,test
A-03188,validation
A-03189,train
A-03190,train
A-03191,train
A-03192,train
A-03193,train
A-03194,train
A-03195,train
A-03196,train
A-03197,train
A-03198,train
A-03199,train
A-03200,train
A-03201,train
A-03202,train
A-03203,test
A-03204,train
A-03205,train
A-03206,train
A-03207,train
A-03208,test
A-03209,train
A-03210,train
A-03211,train
A-03212,train
A-03213,validation
A-03214,train
A-03215,test
A-03216,test
A-03217,train
A-03218,train
A-03219,train
A-03220,train
A-03221,train
A-03222,train
A-03223,train
A-03224,validation
A-03225,validation
A-03226,test
A-03227,train
A-03228,train
A-03229,test
A-03230,train
A-03231,test
A-03232,train
A-03233,validation
A-03234,train
A-03235,validation
A-03236,train
A-03237,validation
A-03238,train
A-03239,validation
A-03240,train
A-03241,test
A-03242,train
A-03243,validation
A-03244,train
A-03245,train
A-03246,train
A-03247,validation
A-03248,train
A-03249,validation
A-03250,train
A-03251,test
A-03252,train
A-03253,test
A-03254,test
A-03255,train
A-03256,validation
A-03257,train
A-03258,train
A-03259,test
A-03260,train
A-03261,validation
A-03262,train
A-03263,train
A-03264,train
A-03265,train
A-03266,train
A-03267,train
A-03268,train
A-03269,validation
A-03270,train
A-03271,train
A-03272,train
A-03273,train
A-03274,train
A-03275,train
A-03276,test
A-03277,train
A-03278,test
A-03279,train
A-03280,train
A-03281,train
A-03282,train
A-03283,train
A-03284,validation
A-03285,test
A-03286,validation
A-03287,train
A-03288,train
A-03289,validation
A-03290,test
A-03291,train
A-03292,test
A-03293,train
A-03294,train
A-03295,train
A-03296,train
A-03297,train
A-03298,train
A-03299,train
A-03300,train
A-03301,train
A-03302,train
A-03303,train
A-03304,test
A-03305,test
A-03306,train
A-03307,train
A-03308,validation
A-03309,train
A-03310,validation
A-03311,train
A-03312,validation
A-03313,train
A-03314,test
A-03315,train
A-03316,train
A-03317,train
A-03318,train
A-03319,train
A-03320,train
A-03321,train
A-03322,train
A-03323,train
A-03324,train
A-03325,train
A-03326,train
A-03327,train
A-03328,test
A-03329,validation
A-03330,train
A-03331,train
A-03332,train
A-03333,train
A-03334,train
A-03335,train
A-03336,validation
A-03337,train
A-03338,train
A-03339,test
A-03340,train
A-03341,train
A-03342,validation
A-03343,validation
A-03344,train
A-03345,train
A-03346,train
A-03347,train
A-03348,train
A-03349,train
A-03350,train
A-03351,train
A-03352,validation
A-03353,validation
A-03354,train
A-03355,train
A-03356,test
A-03357,test
A-03358,train
A-03359,train
A-03360,train
A-03361,train
A-03362,train
A-03363,train
A-03364,train
A-03365,test
A-03366,train
A-03367,train
A-03368,train
A-03369,validation
A-03370,train
A-03371,train
A-03372,train
A-03373,train
A-03374,train
A-03375,validation
A-03376,train
A-03377,train
A-03378,train
A-03379,test
A-03380,train
A-03381,train
A-03382,train
A-03383,train
A-03384,test
A-03385,train
A-03386,train
A-03387,validation
A-03388,train
A-03389,train
A-03390,train
A-03391,validation
A-03392,validation
A-03393,train
A-03394,train
A-03395,train
A-03396,train
A-03397,validation
A-03398,validation
A-03399,train
A-03400,train
A-03401,test
A-03402,train
A-03403,train
A-03404,train
A-03405,train
A-03406,test
A-03407,train
A-03408,train
A-03409,test
A-03410,train
A-03411,validation
A-03412,validation
A-03413,validation
A-03414,test
A-03415,train
A-03416,train
A-03417,test
A-03418,train
A-03419,train
A-03420,train
A-03421,train
A-03422,train
A-03423,validation
A-03424,train
A-03425,train
A-03426,train
A-03427,train
A-03428,train
A-03429,train
A-03430,train
A-03431,train
A-03432,train
A-03433,train
A-03434,train
A-03435,train
A-03436,test
A-03437,train
A-03438,train
A-03439,train
A-03440,train
A-03441,test
A-03442,validation
A-03443,test
A-03444,validation
A-03445,train
A-03446,train
A-03447,train
A-03448,test
A-03449,train
A-03450,train
A-03451,train
A-03452,train
A-03453,train
A-03454,train
A-03455,train
A-03456,train
A-03457,validation
A-03458,train
A-03459,validation
A-03460,test
A-03461,train
A-03462,train
A-03463,train
A-03464,train
A-03465,train
A-03466,test
A-03467,train
A-03468,validation
A-03469,train
A-03470,train
A-03471,train
A-03472,train
A-03473,train
A-03474,test
A-03475,test
A-03476,train
A-03477,train
A-03478,test
A-03479,train
A-03480,train
A-03481,train
A-03482,test
A-03483,validation
A-03484,train
A-03485,train
A-03486,train
A-03487,train
A-03488,train
A-03489,train
A-03490,train
A-03491,train
A-03492,validation
A-03493,test
A-03494,train
A-03495,test
A-03496,train
A-03497,train
A-03498,validation
A-03499,train
A-03500,train
A-03501,validation
A-03502,train
A-03503,train
A-03504,train
A-03505,train
A-03506,validation
A-03507,test
A-03508,validation
A-03509,validation
A-03510,validation
A-03511,train
A-03512,test
A-03513,validation
A-03514,train
A-03515,train
A-03516,train
A-03517,train
A-03518,train
A-03519,validation
A-03520,train
A-03521,test
A-03522,train
A-03523,validation
A-03524,train
A-03525,validation
A-03526,train
A-03527,train
A-03528,train
A-03529,validation
A-03530,test
A-03531,train
A-03532,train
A-03533,train
A-03534,train
A-03535,train
A-03536,train
A-03537,train
A-03538,train
A-03539,train
A-03540,test
A-03541,train
A-03542,test
A-03543,train
A-03544,train
A-03545,train
A-03546,train
A-03547,validation
A-03548,train
A-03549,train
A-03550,train
A-03551,train
A-03552,train
A-03553,test
A-03554,train
A-03555,validation
A-03556,train
A-03557,train
A-03558,validation
A-03559,validation
A-03560,train
A-03561,train
A-03562,test
A-03563,train
A-03564,train
A-03565,test
A-03566,validation
A-03567,test
A-03568,test
A-03569,validation
A-03570,train
A-03571,train
A-03572,train
A-03573,train
A-03574,train
A-03575,train
A-03576,train
A-03577,validation
A-03578,train
A-03579,train
A-03580,train
A-03581,train
A-03582,train
A-03583,validation
A-03584,train
A-03585,train
A-03586,train
A-03587,train
A-03588,train
A-03589,test
A-03590,train
A-03591,train
A-03592,train
A-03593,train
A-03594,test
A-03595,test
A-03596,train
A-03597,train
A-03598,train
A-03599,train
A-03600,train
A-03601,train
A-03602,train
A-03603,validation
A-03604,train
A-03605,test
A-03606,train
A-03607,test
A-03608,train
A-03609,train
A-03610,test
A-03611,train
A-03612,train
A-03613,train
A-03614,train
A-03615,train
A-03616,train
A-03617,train
A-03618,train
A-03619,train
A-03620,train
A-03621,train
A-03622,test
A-03623,train
A-03624,train
A-03625,train
A-03626,train
A-03627,test
A-03628,test
A-03629,validation
A-03630,train
A-03631,train
A-03632,test
A-03633,test
A-03634,train
A-03635,train
A-03636,train
A-03637,train
A-03638,train
A-03639,train
A-03640,train
A-03641,train
A-03642,test
A-03643,train
A-03644,train
A-03645,validation
A-03646,train
A-03647,train
A-03648,train
A-03649,train
A-03650,validation
A-03651,train
A-03652,train
A-03653,validation
A-03654,train
A-03655,train
A-03656,train
A-03657,test
A-03658,test
A-03659,test
A-03660,validation
A-03661,train
A-03662,train
A-03663,train
A-03664,train
A-03665,train
A-03666,train
A-03667,test
A-03668,validation
A-03669,validation
A-03670,train
A-03671,train
A-03672,train
A-03673,validation
A-03674,train
A-03675,train
A-03676,validation
A-03677,train
A-03678,validation
A-03679,train
A-03680,validation
A-03681,test
A-03682,train
A-03683,train
A-03684,test
A-03685,train
A-03686,train
A-03687,test
A-03688,train
A-03689,train
A-03690,train
A-03691,train
A-03692,test
A-03693,train
A-03694,validation
A-03695,validation
A-03696,train
A-03697,train
A-03698,train
A-03699,train
A-03700,validation
A-03701,train
A-03702,validation
A-03703,validation
A-03704,train
A-03705,train
A-03706,train
A-03707,validation
A-03708,train
A-03709,train
A-03710,train
A-03711,train
A-03712,train
A-03713,train
A-03714,validation
A-03715,validation
A-03716,train
A-03717,test
A-03718,train
A-03719,train
A-03720,train
A-03721,train
A-03722,train
A-03723,validation
A-03724,train
A-03725,train
A-03726,test
A-03727,validation
A-03728,train
A-03729,train
A-03730,test
A-03731,train
A-03732,train
A-03733,train
A-03734,train
A-03735,test
A-03736,train
A-03737,test
A-03738,train
A-03739,train
A-03740,validation
A-03741,train
A-03742,train
A-03743,test
A-03744,train
A-03745,train
A-03746,validation
A-03747,train
A-03748,train
A-03749,train
A-03750,train
A-03751,train
A-03752,train
A-03753,test
A-03754,test
A-03755,validation
A-03756,train
A-03757,train
A-03758,train
A-03759,train
A-03760,train
A-03761,train
A-03762,test
A-03763,validation
A-03764,train
A-03765,test
A-03766,train
A-03767,train
A-03768,train
A-03769,train
A-03770,test
A-03771,train
A-03772,test
A-03773,train
A-03774,train
A-03775,validation
A-03776,validation
A-03777,train
A-03778,train
A-03779,train
A-03780,train
A-03781,test
A-03782,train
A-03783,validation
A-03784,train
A-03785,test
A-03786,train
A-03787,train
A-03788,train
A-03789,train
A-03790,train
A-03791,train
A-03792,train
A-03793,test
A-03794,train
A-03795,test
A-03796,train
A-03797,train
A-03798,train
A-03799,test
A-03800,train
A-03801,train
A-03802,train
A-03803,train
A-03804,train
A-03805,train
A-03806,validation
A-03807,train
A-03808,train
A-03809,validation
A-03810,train
A-03811,validation
A-03812,validation
A-03813,train
A-03814,train
A-03815,test
A-03816,test
A-03817,train
A-03818,train
A-03819,train
A-03820,train
A-03821,test
A-03822,train
A-03823,train
A-03824,train
A-03825,train
A-03826,test
A-03827,train
A-03828,validation
A-03829,train
A-03830,test
A-03831,train
A-03832,train
A-03833,train
A-03834,train
A-03835,test
A-03836,train
A-03837,train
A-03838,train
A-03839,train
A-03840,validation
A-03841,train
A-03842,train
A-03843,train
A-03844,train
A-03845,train
A-03846,train
A-03847,train
A-03848,test
A-03849,train
A-03850,train
A-03851,train
A-03852,validation
A-03853,validation
A-03854,test
A-03855,train
A-03856,train
A-03857,train
A-03858,train
A-03859,train
A-03860,train
A-03861,train
A-03862,test
A-03863,validation
A-03864,test
A-03865,test
A-03866,train
A-03867,train
A-03868,test
A-03869,test
A-03870,train
A-03871,validation
A-03872,train
A-03873,train
A-03874,train
A-03875,test
A-03876,validation
A-03877,train
A-03878,train
A-03879,train
A-03880,train
A-03881,train
A-03882,validation
A-03883,train
A-03884,train
A-03885,validation
A-03886,train
A-03887,train
A-03888,train
A-03889,train
A-03890,validation
A-03891,train
A-03892,train
A-03893,validation
A-03894,validation
A-03895,train
A-03896,test
A-03897,train
A-03898,train
A-03899,train
A-03900,train
A-03901,train
A-03902,train
A-03903,train
A-03904,train
A-03905,train
A-03906,test
A-03907,train
A-03908,train
A-03909,validation
A-03910,validation
A-03911,test
A-03912,train
A-03913,train
A-03914,train
A-03915,validation
A-03916,train
A-03917,train
A-03918,validation
A-03919,train
A-03920,train
A-03921,train
A-03922,train
A-03923,validation
A-03924,train
A-03925,validation
A-03926,train
A-03927,train
A-03928,validation
A-03929,test
A-03930,train
A-03931,train
A-03932,train
A-03933,validation
A-03934,train
A-03935,train
A-03936,train
A-03937,test
A-03938,validation
A-03939,train
A-03940,validation
A-03941,validation
A-03942,validation
A-03943,train
A-03944,test
A-03945,test
A-03946,train
A-03947,train
A-03948,train
A-03949,train
A-03950,train
A-03951,train
A-03952,train
A-03953,test
A-03954,validation
A-03955,train
A-03956,train
A-03957,train
A-03958,validation
A-03959,train
A-03960,train
A-03961,test
A-03962,train
A-03963,train
A-03964,train
A-03965,train
A-03966,test
A-03967,train
A-03968,train
A-03969,train
A-03970,train
A-03971,train
A-03972,train
A-03973,test
A-03974,validation
A-03975,train
A-03976,train
A-03977,test
A-03978,test
A-03979,train
A-03980,train
A-03981,train
A-03982,train
A-03983,train
A-03984,train
A-03985,train
A-03986,train
A-03987,train
A-03988,train
A-03989,train
A-03990,train
A-03991,test
A-03992,train
A-03993,train
A-03994,train
A-03995,train
A-03996,train
A-03997,train
A-03998,train
A-03999,train
A-04000,test
A-04001,train
A-04002,test
A-04003,train
A-04004,train
A-04005,validation
A-04006,test
A-04007,test
A-04008,test
A-04009,train
A-04010,train
A-04011,validation
A-04012,validation
A-04013,train
A-04014,train
A-04015,test
A-04016,validation
A-04017,train
A-04018,train
A-04019,train
A-04020,train
A-04021,train
A-04022,train
A-04023,validation
A-04024,train
A-04025,train
A-04026,train
A-04027,test
A-04028,train
A-04029,validation
A-04030,train
A-04031,train
A-04032,train
A-04033,train
A-04034,train
A-04035,train
A-04036,train
A-04037,validation
A-04038,test
A-04039,train
A-04040,train
A-04041,train
A-04042,validation
A-04043,validation
A-04044,train
A-04045,validation
A-04046,train
A-04047,train
A-04048,train
A-04049,train
A-04050,test
A-04051,train
A-04052,train
A-04053,train
A-04054,train
A-04055,train
A-04056,train
A-04057,train
A-04058,train
A-04059,validation
A-04060,train
A-04061,train
A-04062,test
A-04063,train
A-04064,test
A-04065,test
A-04066,train
A-04067,test
A-04068,validation
A-04069,train
A-04070,train
A-04071,train
A-04072,train
A-04073,train
A-04074,train
A-04075,train
A-04076,train
A-04077,train
A-04078,train
A-04079,train
A-04080,validation
A-04081,train
A-04082,test
A-04083,validation
A-04084,train
A-04085,train
A-04086,train
A-04087,test
A-04088,train
A-04089,train
A-04090,train
A-04091,train
A-04092,test
A-04093,test
A-04094,train
A-04095,train
A-04096,train
A-04097,train
A-04098,validation
A-04099,test
A-04100,train
A-04101,validation
A-04102,train
A-04103,train
A-04104,train
A-04105,validation
A-04106,train
A-04107,train
A-04108,validation
A-04109,test
A-04110,train
A-04111,train
A-04112,test
A-04113,validation
A-04114,train
A-04115,validation
A-04116,validation
A-04117,train
A-04118,test
A-04119,train
A-04120,test
A-04121,test
A-04122,train
A-04123,train
A-04124,train
A-04125,train
A-04126,train
A-04127,train
A-04128,test
A-04129,train
A-04130,train
A-04131,validation
A-04132,train
A-04133,validation
A-04134,validation
A-04135,train
A-04136,train
A-04137,validation
A-04138,train
A-04139,train
A-04140,train
A-04141,validation
A-04142,train
A-04143,train
A-04144,validation
A-04145,test
A-04146,test
A-04147,train
A-04148,test
A-04149,train
A-04150,validation
A-04151,validation
A-04152,test
A-04153,train
A-04154,validation
A-04155,train
A-04156,test
A-04157,train
A-04158,train
A-04159,validation
A-04160,train
A-04161,train
A-04162,train
A-04163,train
A-04164,test
A-04165,train
A-04166,test
A-04167,validation
A-04168,train
A-04169,test
A-04170,train
A-04171,train
A-04172,test
A-04173,train
A-04174,train
A-04175,test
A-04176,train
A-04177,train
A-04178,train
A-04179,test
A-04180,train
A-04181,train
A-04182,train
A-04183,train
A-04184,train
A-04185,train
A-04186,train
A-04187,train
A-04188,train
A-04189,train
A-04190,test
A-04191,validation
A-04192,train
A-04193,validation
A-04194,validation
A-04195,train
A-04196,train
A-04197,train
A-04198,train
A-04199,train
A-04200,test
A-04201,train
A-04202,train
A-04203,validation
A-04204,train
A-04205,train
A-04206,validation
A-04207,train
A-04208,train
A-04209,train
A-04210,test
A-04211,train
A-04212,train
A-04213,train
A-04214,train
A-04215,train
A-04216,train
A-04217,train
A-04218,train
A-04219,train
A-04220,test
A-04221,train
A-04222,test
A-04223,train
A-04224,train
A-04225,train
A-04226,train
A-04227,train
A-04228,train
A-04229,train
A-04230,train
A-04231,validation
A-04232,train
A-04233,train
A-04234,test
A-04235,train
A-04236,train
A-04237,train
A-04238,train
A-04239,train
A-04240,train
A-04241,train
A-04242,test
A-04243,train
A-04244,train
A-04245,train
A-04246,test
A-04247,train
A-04248,train
A-04249,train
A-04250,train
A-04251,test
A-04252,train
A-04253,train
A-04254,validation
A-04255,train
A-04256,train
A-04257,train
A-04258,train
A-04259,train
A-04260,validation
A-04261,train
A-04262,train
A-04263,train
A-04264,train
A-04265,test
A-04266,train
A-04267,train
A-04268,train
A-04269,train
A-04270,test
A-04271,train
A-04272,train
A-04273,train
A-04274,train
A-04275,test
A-04276,train
A-04277,train
A-04278,validation
A-04279,train
A-04280,train
A-04281,train
A-04282,train
A-04283,train
A-04284,train
A-04285,validation
A-04286,validation
A-04287,train
A-04288,train
A-04289,train
A-04290,test
A-04291,train
A-04292,train
A-04293,train
A-04294,train
A-04295,train
A-04296,train
A-04297,train
A-04298,validation
A-04299,train
A-04300,test
A-04301,test
A-04302,train
A-04303,test
A-04304,train
A-04305,train
A-04306,train
A-04307,train
A-04308,train
A-04309,train
A-04310,train
A-04311,test
A-04312,train
A-04313,train
A-04314,train
A-04315,train
A-04316,train
A-04317,train
A-04318,validation
A-04319,test
A-04320,train
A-04321,train
A-04322,train
A-04323,train
A-04324,validation
A-04325,test
A-04326,train
A-04327,train
A-04328,test
A-04329,train
A-04330,train
A-04331,validation
A-04332,train
A-04333,train
A-04334,train
A-04335,train
A-04336,train
A-04337,train
A-04338,validation
A-04339,train
A-04340,train
A-04341,test
A-04342,train
A-04343,train
A-04344,validation
A-04345,train
A-04346,train
A-04347,train
A-04348,train
A-04349,train
A-04350,train
A-04351,test
A-04352,validation
A-04353,train
A-04354,train
A-04355,validation
A-04356,train
A-04357,train
A-04358,validation
A-04359,test
A-04360,validation
A-04361,validation
A-04362,train
A-04363,test
A-04364,test
A-04365,train
A-04366,train
A-04367,validation
A-04368,train
A-04369,train
A-04370,train
A-04371,train
A-04372,train
A-04373,validation
A-04374,train
A-04375,validation
A-04376,train
A-04377,train
A-04378,train
A-04379,validation
A-04380,train
A-04381,train
A-04382,train
A-04383,train
A-04384,train
A-04385,train
A-04386,train
A-04387,train
A-04388,train
A-04389,validation
A-04390,train
A-04391,train
A-04392,train
A-04393,train
A-04394,train
A-04395,train
A-04396,test
A-04397,train
A-04398,train
A-04399,validation
A-04400,train
A-04401,validation
A-04402,validation
A-04403,train
A-04404,train
A-04405,train
A-04406,test
A-04407,test
A-04408,train
A-04409,test
A-04410,train
A-04411,train
A-04412,test
A-04413,train
A-04414,train
A-04415,train
A-04416,validation
A-04417,train
A-04418,train
A-04419,train
A-04420,train
A-04421,train
A-04422,test
A-04423,train
A-04424,train
A-04425,validation
A-04426,validation
A-04427,test
A-04428,train
A-04429,train
A-04430,train
A-04431,train
A-04432,train
A-04433,train
A-04434,train
A-04435,train
A-04436,train
A-04437,test
A-04438,train
A-04439,train
A-04440,train
A-04441,train
A-04442,train
A-04443,validation
A-04444,train
A-04445,validation
A-04446,train
A-04447,train
A-04448,validation
A-04449,train
A-04450,train
A-04451,train
A-04452,train
A-04453,test
A-04454,train
A-04455,validation
A-04456,test
A-04457,train
A-04458,train
A-04459,validation
A-04460,validation
A-04461,validation
A-04462,validation
A-04463,test
A-04464,train
A-04465,test
A-04466,validation
A-04467,train
A-04468,train
A-04469,train
A-04470,train
A-04471,train
A-04472,train
A-04473,test
A-04474,validation
A-04475,train
A-04476,train
A-04477,train
A-04478,train
A-04479,train
A-04480,test
A-04481,train
A-04482,train
A-04483,train
A-04484,validation
A-04485,train
A-04486,test
A-04487,train
A-04488,train
A-04489,train
A-04490,train
A-04491,train
A-04492,validation
A-04493,validation
A-04494,train
A-04495,test
A-04496,train
A-04497,train
A-04498,train
A-04499,test
A-04500,train
A-04501,train
A-04502,validation
A-04503,train
A-04504,test
A-04505,train
A-04506,train
A-04507,train
A-04508,train
A-04509,train
A-04510,train
A-04511,train
A-04512,test
A-04513,test
A-04514,train
A-04515,validation
A-04516,train
A-04517,train
A-04518,train
A-04519,test
A-04520,train
A-04521,train
A-04522,train
A-04523,train
A-04524,train
A-04525,test
A-04526,train
A-04527,train
A-04528,train
A-04529,validation
A-04530,train
A-04531,train
A-04532,test
A-04533,train
A-04534,train
A-04535,train
A-04536,test
A-04537,train
A-04538,test
A-04539,train
A-04540,train
A-04541,train
A-04542,train
A-04543,train
A-04544,train
A-04545,train
A-04546,test
A-04547,train
A-04548,train
A-04549,train
A-04550,train
A-04551,train
A-04552,train
A-04553,validation
A-04554,train
A-04555,train
A-04556,validation
A-04557,train
A-04558,validation
A-04559,train
A-04560,train
A-04561,train
A-04562,train
A-04563,train
A-04564,train
A-04565,validation
A-04566,train
A-04567,validation
A-04568,train
A-04569,validation
A-04570,train
A-04571,train
A-04572,train
A-04573,train
A-04574,train
A-04575,train
A-04576,train
A-04577,train
A-04578,test
A-04579,train
A-04580,validation
A-04581,test
A-04582,train
A-04583,train
A-04584,validation
A-04585,validation
A-04586,train
A-04587,train
A-04588,train
A-04589,train
A-04590,test
A-04591,train
A-04592,train
A-04593,train
A-04594,train
A-04595,train
A-04596,train
A-04597,train
A-04598,train
A-04599,train
A-04600,train
A-04601,train
A-04602,train
A-04603,train
A-04604,train
A-04605,train
A-04606,test
A-04607,test
A-04608,test
A-04609,train
A-04610,train
A-04611,train
A-04612,train
A-04613,validation
A-04614,train
A-04615,validation
A-04616,train
A-04617,train
A-04618,train
A-04619,validation
A-04620,validation
A-04621,train
A-04622,train
A-04623,train
A-04624,validation
A-04625,train
A-04626,train
A-04627,train
A-04628,test
A-04629,validation
A-04630,validation
A-04631,test
A-04632,validation
A-04633,train
A-04634,train
A-04635,train
A-04636,train
A-04637,test
A-04638,train
A-04639,train
A-04640,train
A-04641,train
A-04642,test
A-04643,train
A-04644,train
A-04645,validation
A-04646,train
A-04647,train
A-04648,train
A-04649,validation
A-04650,validation
A-04651,train
A-04652,train
A-04653,validation
A-04654,test
A-04655,train
A-04656,train
A-04657,validation
A-04658,validation
A-04659,train
A-04660,train
A-04661,train
A-04662,train
A-04663,train
A-04664,train
A-04665,train
A-04666,train
A-04667,test
A-04668,train
A-04669,validation
A-04670,train
A-04671,train
A-04672,train
A-04673,train
A-04674,train
A-04675,validation
A-04676,train
A-04677,train
A-04678,train
A-04679,train
A-04680,train
A-04681,test
A-04682,train
A-04683,train
A-04684,test
A-04685,test
A-04686,train
A-04687,train
A-04688,train
A-04689,train
A-04690,train
A-04691,test
A-04692,train
A-04693,train
A-04694,train
A-04695,train
A-04696,train
A-04697,train
A-04698,validation
A-04699,train
A-04700,train
A-04701,train
A-04702,test
A-04703,test
A-04704,train
A-04705,test
A-04706,train
A-04707,train
A-04708,test
A-04709,train
A-04710,train
A-04711,train
A-04712,train
A-04713,train
A-04714,train
A-04715,train
A-04716,train
A-04717,validation
A-04718,test
A-04719,test
A-04720,train
A-04721,validation
A-04722,train
A-04723,train
A-04724,validation
A-04725,train
A-04726,test
A-04727,validation
A-04728,validation
A-04729,train
A-04730,train
A-04731,train
A-04732,validation
A-04733,validation
A-04734,train
A-04735,train
A-04736,train
A-04737,test
A-04738,train
A-04739,test
A-04740,validation
A-04741,test
A-04742,train
A-04743,test
A-04744,test
A-04745,train
A-04746,train
A-04747,train
A-04748,train
A-04749,train
A-04750,train
A-04751,train
A-04752,train
A-04753,validation
A-04754,train
A-04755,train
A-04756,train
A-04757,train
A-04758,validation
A-04759,train
A-04760,train
A-04761,train
A-04762,train
A-04763,train
A-04764,train
A-04765,test
A-04766,train
A-04767,train
A-04768,train
A-04769,train
A-04770,test
A-04771,train
A-04772,train
A-04773,test
A-04774,validation
A-04775,train
A-04776,test
A-04777,validation
A-04778,validation
A-04779,train
A-04780,test
A-04781,validation
A-04782,train
A-04783,train
A-04784,train
A-04785,train
A-04786,train
A-04787,train
A-04788,train
A-04789,train
A-04790,train
A-04791,train
A-04792,test
A-04793,train
A-04794,train
A-04795,validation
A-04796,train
A-04797,validation
A-04798,train
A-04799,train
A-04800,train
A-04801,test
A-04802,train
A-04803,test
A-04804,test
A-04805,train
A-04806,test
A-04807,validation
A-04808,train
A-04809,train
A-04810,train
A-04811,train
A-04812,test
A-04813,train
A-04814,train
A-04815,train
A-04816,train
A-04817,train
A-04818,train
A-04819,train
A-04820,test
A-04821,train
A-04822,validation
A-04823,validation
A-04824,test
A-04825,train
A-04826,train
A-04827,validation
A-04828,train
A-04829,train
A-04830,test
A-04831,train
A-04832,test
A-04833,train
A-04834,train
A-04835,train
A-04836,test
A-04837,train
A-04838,train
A-04839,train
A-04840,test
A-04841,validation
A-04842,validation
A-04843,train
A-04844,train
A-04845,train
A-04846,train
A-04847,train
A-04848,train
A-04849,train
A-04850,test
A-04851,train
A-04852,validation
A-04853,train
A-04854,train
A-04855,test
A-04856,train
A-04857,train
A-04858,validation
A-04859,test
A-04860,train
A-04861,train
A-04862,test
A-04863,validation
A-04864,train
A-04865,test
A-04866,train
A-04867,train
A-04868,train
A-04869,train
A-04870,validation
A-04871,train
A-04872,train
A-04873,train
A-04874,train
A-04875,train
A-04876,train
A-04877,train
A-04878,train
A-04879,train
A-04880,train
A-04881,test
A-04882,train
A-04883,test
A-04884,validation
A-04885,train
A-04886,train
A-04887,validation
A-04888,validation
A-04889,train
A-04890,train
A-04891,train
A-04892,train
A-04893,train
A-04894,train
A-04895,train
A-04896,train
A-04897,validation
A-04898,train
A-04899,train
A-04900,train
A-04901,train
A-04902,train
A-04903,test
A-04904,validation
A-04905,train
A-04906,train
A-04907,validation
A-04908,train
A-04909,train
A-04910,train
A-04911,test
A-04912,train
A-04913,train
A-04914,train
A-04915,train
A-04916,validation
A-04917,train
A-04918,train
A-04919,train
A-04920,train
A-04921,train
A-04922,train
A-04923,train
A-04924,train
A-04925,test
A-04926,train
A-04927,train
A-04928,validation
A-04929,train
A-04930,train
A-04931,train
A-04932,train
A-04933,train
A-04934,validation
A-04935,train
A-04936,validation
A-04937,test
A-04938,train
A-04939,validation
A-04940,train
A-04941,train
A-04942,train
A-04943,test
A-04944,test
A-04945,train
A-04946,validation
A-04947,train
A-04948,validation
A-04949,test
A-04950,train
A-04951,train
A-04952,validation
A-04953,train
A-04954,train
A-04955,test
A-04956,train
A-04957,train
A-04958,test
A-04959,train
A-04960,test
A-04961,test
A-04962,train
A-04963,test
A-04964,train
A-04965,train
A-04966,test
A-04967,validation
A-04968,train
A-04969,validation
A-04970,train
A-04971,train
A-04972,train
A-04973,validation
A-04974,train
A-04975,train
A-04976,train
A-04977,train
A-04978,test
A-04979,train
A-04980,train
A-04981,train
A-04982,test
A-04983,train
A-04984,train
A-04985,train
A-04986,train
A-04987,train
A-04988,train
A-04989,train
A-04990,train
A-04991,train
A-04992,test
A-04993,validation
A-04994,test
A-04995,test
A-04996,train
A-04997,test
A-04998,train
A-04999,train
A-05000,train
A-05001,validation
A-05002,train
A-05003,train
A-05004,train
A-05005,train
A-05006,train
A-05007,train
A-05008,validation
A-05009,train
A-05010,train
A-05011,validation
A-05012,validation
A-05013,train
A-05014,train
A-05015,train
A-05016,validation
A-05017,validation
A-05018,train
A-05019,train
A-05020,train
A-05021,train
A-05022,train
A-05023,validation
A-05024,train
A-05025,train
A-05026,validation
A-05027,validation
A-05028,validation
A-05029,test
A-05030,train
A-05031,validation
A-05032,validation
A-05033,train
A-05034,validation
A-05035,train
A-05036,validation
A-05037,test
A-05038,train
A-05039,test
A-05040,train
A-05041,train
A-05042,train
A-05043,train
A-05044,train
A-05045,train
A-05046,train
A-05047,test
A-05048,validation
A-05049,train
A-05050,train
A-05051,train
A-05052,test
A-05053,test
A-05054,test
A-05055,train
A-05056,test
A-05057,train
A-05058,validation
A-05059,train
A-05060,train
A-05061,train
A-05062,train
A-05063,validation
A-05064,train
A-05065,train
A-05066,train
A-05067,validation
A-05068,train
A-05069,train
A-05070,train
A-05071,train
A-05072,train
A-05073,train
A-05074,validation
A-05075,validation
A-05076,train
A-05077,train
A-05078,train
A-05079,test
A-05080,train
A-05081,train
A-05082,train
A-05083,train
A-05084,test
A-05085,validation
A-05086,train
A-05087,train
A-05088,train
A-05089,train
A-05090,train
A-05091,train
A-05092,validation
A-05093,test
A-05094,train
A-05095,train
A-05096,train
A-05097,validation
A-05098,train
A-05099,train
A-05100,test
A-05101,train
A-05102,train
A-05103,train
A-05104,train
A-05105,train
A-05106,train
A-05107,train
A-05108,train
A-05109,test
A-05110,test
A-05111,validation
A-05112,train
A-05113,train
A-05114,test
A-05115,train
A-05116,train
A-05117,train
A-05118,train
A-05119,train
A-05120,train
A-05121,train
A-05122,train
A-05123,train
A-05124,train
A-05125,train
A-05126,train
A-05127,train
A-05128,train
A-05129,train
A-05130,validation
A-05131,test
A-05132,train
A-05133,train
A-05134,train
A-05135,train
A-05136,train
A-05137,train
A-05138,train
A-05139,train
A-05140,validation
A-05141,train
A-05142,test
A-05143,train
A-05144,validation
A-05145,train
A-05146,train
A-05147,train
A-05148,train
A-05149,train
A-05150,train
A-05151,train
A-05152,test
A-05153,train
A-05154,train
A-05155,train
A-05156,validation
A-05157,validation
A-05158,train
A-05159,train
A-05160,train
A-05161,validation
A-05162,train
A-05163,train
A-05164,validation
A-05165,train
A-05166,train
A-05167,validation
A-05168,train
A-05169,train
A-05170,train
A-05171,train
A-05172,train
A-05173,train
A-05174,train
A-05175,train
A-05176,train
A-05177,train
A-05178,train
A-05179,validation
A-05180,validation
A-05181,train
A-05182,train
A-05183,validation
A-05184,train
A-05185,train
A-05186,validation
A-05187,train
A-05188,train
A-05189,validation
A-05190,train
A-05191,train
A-05192,train
A-05193,train
A-05194,train
A-05195,train
A-05196,train
A-05197,train
A-05198,train
A-05199,train
A-05200,train
A-05201,validation
A-05202,train
A-05203,train
A-05204,validation
A-05205,train
A-05206,train
A-05207,test
A-05208,train
A-05209,train
A-05210,validation
A-05211,train
A-05212,test
A-05213,train
A-05214,train
A-05215,train
A-05216,train
A-05217,train
A-05218,train
A-05219,validation
A-05220,train
A-05221,validation
A-05222,train
A-05223,validation
A-05224,test
A-05225,test
A-05226,train
A-05227,train
A-05228,train
A-05229,test
A-05230,train
A-05231,validation
A-05232,train
A-05233,validation
A-05234,train
A-05235,train
A-05236,train
A-05237,train
A-05238,train
A-05239,train
A-05240,validation
A-05241,test
A-05242,train
A-05243,train
A-05244,validation
A-05245,train
A-05246,train
A-05247,validation
A-05248,train
A-05249,train
A-05250,validation
A-05251,train
A-05252,train
A-05253,test
A-05254,train
A-05255,train
A-05256,train
A-05257,train
A-05258,train
A-05259,train
A-05260,train
A-05261,train
A-05262,train
A-05263,train
A-05264,train
A-05265,train
A-05266,train
A-05267,test
A-05268,train
A-05269,train
A-05270,train
A-05271,train
A-05272,train
A-05273,train
A-05274,validation
A-05275,train
A-05276,train
A-05277,train
A-05278,train
A-05279,test
A-05280,train
A-05281,train
A-05282,train
A-05283,train
A-05284,train
A-05285,train
A-05286,train
A-05287,train
A-05288,train
A-05289,validation
A-05290,train
A-05291,train
A-05292,train
A-05293,train
A-05294,train
A-05295,train
A-05296,train
A-05297,train
A-05298,test
A-05299,train
A-05300,train
A-05301,validation
A-05302,train
A-05303,validation
A-05304,train
A-05305,validation
A-05306,validation
A-05307,train
A-05308,validation
A-05309,test
A-05310,train
A-05311,train
A-05312,validation
A-05313,validation
A-05314,test
A-05315,validation
A-05316,train
A-05317,train
A-05318,train
A-05319,train
A-05320,validation
A-05321,train
A-05322,test
A-05323,train
A-05324,train
A-05325,train
A-05326,train
A-05327,test
A-05328,test
A-05329,validation
A-05330,test
A-05331,test
A-05332,test
A-05333,train
A-05334,train
A-05335,validation
A-05336,test
A-05337,train
A-05338,train
A-05339,test
A-05340,train
A-05341,train
A-05342,validation
A-05343,train
A-05344,train
A-05345,train
A-05346,train
A-05347,train
A-05348,train
A-05349,train
A-05350,validation
A-05351,train
A-05352,test
A-05353,train
A-05354,train
A-05355,train
A-05356,train
A-05357,train
A-05358,train
A-05359,test
A-05360,train
A-05361,train
A-05362,train
A-05363,train
A-05364,test
A-05365,train
A-05366,test
A-05367,validation
A-05368,train
A-05369,train
A-05370,train
A-05371,train
A-05372,validation
A-05373,train
A-05374,train
A-05375,train
A-05376,test
A-05377,train
A-05378,train
A-05379,validation
A-05380,train
A-05381,train
A-05382,train
A-05383,test
A-05384,train
A-05385,train
A-05386,test
A-05387,train
A-05388,train
A-05389,train
A-05390,train
A-05391,train
A-05392,train
A-05393,test
A-05394,train
A-05395,validation
A-05396,train
A-05397,train
A-05398,test
A-05399,train
A-05400,train
A-05401,train
A-05402,train
A-05403,validation
A-05404,train
A-05405,train
A-05406,validation
A-05407,test
A-05408,test
A-05409,train
A-05410,train
A-05411,train
A-05412,train
A-05413,validation
A-05414,train
A-05415,train
A-05416,train
A-05417,train
A-05418,test
A-05419,train
A-05420,train
A-05421,train
A-05422,test
A-05423,train
A-05424,train
A-05425,train
A-05426,train
A-05427,train
A-05428,test
A-05429,train
A-05430,train
A-05431,test
A-05432,train
A-05433,train
A-05434,train
A-05435,train
A-05436,test
A-05437,train
A-05438,train
A-05439,train
A-05440,train
A-05441,validation
A-05442,train
A-05443,train
A-05444,train
A-05445,train
A-05446,train
A-05447,train
A-05448,train
A-05449,train
A-05450,train
A-05451,train
A-05452,test
A-05453,train
A-05454,test
A-05455,train
A-05456,test
A-05457,test
A-05458,train
A-05459,train
A-05460,train
A-05461,train
A-05462,test
A-05463,train
A-05464,train
A-05465,train
A-05466,test
A-05467,train
A-05468,test
A-05469,test
A-05470,validation
A-05471,train
A-05472,train
A-05473,test
A-05474,train
A-05475,train
A-05476,train
A-05477,test
A-05478,train
A-05479,train
A-05480,train
A-05481,train
A-05482,train
A-05483,train
A-05484,validation
A-05485,train
A-05486,train
A-05487,train
A-05488,train
A-05489,test
A-05490,validation
A-05491,train
A-05492,train
A-05493,train
A-05494,validation
A-05495,train
A-05496,test
A-05497,train
A-05498,validation
A-05499,train
A-05500,train
A-05501,validation
A-05502,validation
A-05503,train
A-05504,train
A-05505,validation
A-05506,validation
A-05507,train
A-05508,validation
A-05509,train
A-05510,train
A-05511,train
A-05512,test
A-05513,train
A-05514,train
A-05515,train
A-05516,validation
A-05517,train
A-05518,train
A-05519,train
A-05520,train
A-05521,validation
A-05522,train
A-05523,train
A-05524,test
A-05525,validation
A-05526,test
A-05527,train
A-05528,train
A-05529,validation
A-05530,test
A-05531,train
A-05532,train
A-05533,train
A-05534,train
A-05535,train
A-05536,train
A-05537,train
A-05538,train
A-05539,train
A-05540,test
A-05541,test
A-05542,train
A-05543,train
A-05544,validation
A-05545,validation
A-05546,validation
A-05547,train
A-05548,train
A-05549,train
A-05550,validation
A-05551,train
A-05552,test
A-05553,train
A-05554,train
A-05555,train
A-05556,train
A-05557,train
A-05558,train
A-05559,train
A-05560,train
A-05561,train
A-05562,train
A-05563,train
A-05564,validation
A-05565,train
A-05566,train
A-05567,train
A-05568,train
A-05569,train
A-05570,validation
A-05571,train
A-05572,train
A-05573,train
A-05574,validation
A-05575,validation
A-05576,validation
A-05577,train
A-05578,train
A-05579,train
A-05580,validation
A-05581,train
A-05582,train
A-05583,test
A-05584,train
A-05585,test
A-05586,train
A-05587,train
A-05588,train
A-05589,train
A-05590,test
A-05591,train
A-05592,validation
A-05593,train
A-05594,test
A-05595,train
A-05596,train
A-05597,validation
A-05598,test
A-05599,test
A-05600,train
A-05601,train
A-05602,train
A-05603,validation
A-05604,test
A-05605,train
A-05606,train
A-05607,train
A-05608,train
A-05609,train
A-05610,test
A-05611,train
A-05612,train
A-05613,test
A-05614,train
A-05615,train
A-05616,train
A-05617,train
A-05618,train
A-05619,train
A-05620,test
A-05621,test
A-05622,train
A-05623,train
A-05624,validation
A-05625,validation
A-05626,train
A-05627,train
A-05628,train
A-05629,train
A-05630,train
A-05631,test
A-05632,test
A-05633,train
A-05634,train
A-05635,validation
A-05636,test
A-05637,train
A-05638,train
A-05639,train
A-05640,train
A-05641,train
A-05642,train
A-05643,test
A-05644,train
A-05645,train
A-05646,train
A-05647,train
A-05648,train
A-05649,train
A-05650,train
A-05651,train
A-05652,train
A-05653,train
A-05654,train
A-05655,train
A-05656,test
A-05657,train
A-05658,train
A-05659,train
A-05660,validation
A-05661,validation
A-05662,train
A-05663,train
A-05664,train
A-05665,validation
A-05666,train
A-05667,train
A-05668,train
A-05669,train
A-05670,validation
A-05671,train
A-05672,train
A-05673,train
A-05674,train
A-05675,train
A-05676,train
A-05677,validation
A-05678,test
A-05679,train
A-05680,train
A-05681,train
A-05682,test
A-05683,test
A-05684,train
A-05685,train
A-05686,train
A-05687,train
A-05688,test
A-05689,train
A-05690,train
A-05691,train
A-05692,train
A-05693,train
A-05694,validation
A-05695,train
A-05696,train
A-05697,test
A-05698,test
A-05699,train
A-05700,train
A-05701,validation
A-05702,train
A-05703,train
A-05704,train
A-05705,train
A-05706,train
A-05707,train
A-05708,test
A-05709,validation
A-05710,train
A-05711,train
A-05712,train
A-05713,train
A-05714,train
A-05715,train
A-05716,train
A-05717,train
A-05718,test
A-05719,train
A-05720,test
A-05721,train
A-05722,test
A-05723,train
A-05724,train
A-05725,test
A-05726,test
A-05727,test
A-05728,test
A-05729,validation
A-05730,train
A-05731,test
A-05732,train
A-05733,train
A-05734,train
A-05735,train
A-05736,train
A-05737,train
A-05738,train
A-05739,train
A-05740,train
A-05741,validation
A-05742,test
A-05743,train
A-05744,train
A-05745,train
A-05746,train
A-05747,validation
A-05748,train
A-05749,train
A-05750,train
A-05751,validation
A-05752,train
A-05753,train
A-05754,validation
A-05755,train
A-05756,train
A-05757,test
A-05758,train
A-05759,test
A-05760,train
A-05761,validation
A-05762,train
A-05763,train
A-05764,train
A-05765,train
A-05766,test
A-05767,train
A-05768,train
A-05769,test
A-05770,train
A-05771,test
A-05772,train
A-05773,train
A-05774,train
A-05775,train
A-05776,train
A-05777,train
A-05778,train
A-05779,train
A-05780,train
A-05781,train
A-05782,train
A-05783,train
A-05784,train
A-05785,train
A-05786,test
A-05787,validation
A-05788,train
A-05789,train
A-05790,validation
A-05791,train
A-05792,train
A-05793,validation
A-05794,train
A-05795,train
A-05796,train
A-05797,train
A-05798,train
A-05799,train
A-05800,train
A-05801,train
A-05802,validation
A-05803,train
A-05804,train
A-05805,validation
A-05806,train
A-05807,test
A-05808,train
A-05809,train
A-05810,test
A-05811,train
A-05812,train
A-05813,train
A-05814,test
A-05815,train
A-05816,train
A-05817,test
A-05818,train
A-05819,train
A-05820,train
A-05821,train
A-05822,train
A-05823,train
A-05824,train
A-05825,train
A-05826,train
A-05827,train
A-05828,train
A-05829,train
A-05830,train
A-05831,validation
A-05832,train
A-05833,validation
A-05834,test
A-05835,train
A-05836,train
A-05837,test
A-05838,validation
A-05839,validation
A-05840,train
A-05841,train
A-05842,train
A-05843,train
A-05844,train
A-05845,test
A-05846,train
A-05847,test
A-05848,train
A-05849,test
A-05850,train
A-05851,train
A-05852,train
A-05853,validation
A-05854,train
A-05855,validation
A-05856,train
A-05857,test
A-05858,test
A-05859,train
A-05860,train
A-05861,train
A-05862,validation
A-05863,train
A-05864,validation
A-05865,train
A-05866,train
A-05867,train
A-05868,train
A-05869,train
A-05870,train
A-05871,train
A-05872,train
A-05873,train
A-05874,validation
A-05875,train
A-05876,validation
A-05877,validation
A-05878,validation
A-05879,train
A-05880,train
A-05881,train
A-05882,train
A-05883,train
A-05884,validation
A-05885,train
A-05886,train
A-05887,validation
A-05888,validation
A-05889,train
A-05890,train
A-05891,train
A-05892,train
A-05893,train
A-05894,test
A-05895,train
A-05896,train
A-05897,test
A-05898,test
A-05899,train
A-05900,validation
A-05901,train
A-05902,validation
A-05903,validation
A-05904,train
A-05905,train
A-05906,validation
A-05907,train
A-05908,train
A-05909,train
A-05910,train
A-05911,validation
A-05912,train
A-05913,validation
A-05914,train
A-05915,test
A-05916,train
A-05917,train
A-05918,train
A-05919,validation
A-05920,validation
A-05921,validation
A-05922,train
A-05923,test
A-05924,train
A-05925,train
A-05926,train
A-05927,train
A-05928,train
A-05929,train
A-05930,test
A-05931,train
A-05932,train
A-05933,test
A-05934,train
A-05935,train
A-05936,train
A-05937,train
A-05938,train
A-05939,train
A-05940,test
A-05941,train
A-05942,train
A-05943,train
A-05944,validation
A-05945,train
A-05946,validation
A-05947,train
A-05948,test
A-05949,train
A-05950,train
A-05951,test
A-05952,train
A-05953,train
A-05954,train
A-05955,train
A-05956,train
A-05957,train
A-05958,validation
A-05959,test
A-05960,validation
A-05961,validation
A-05962,test
A-05963,train
A-05964,test
A-05965,train
A-05966,validation
A-05967,validation
A-05968,validation
A-05969,train
A-05970,test
A-05971,train
A-05972,test
A-05973,train
A-05974,train
A-05975,train
A-05976,validation
A-05977,train
A-05978,validation
A-05979,train
A-05980,train
A-05981,test
A-05982,train
A-05983,train
A-05984,validation
A-05985,test
A-05986,test
A-05987,train
A-05988,train
A-05989,test
A-05990,train
A-05991,train
A-05992,test
A-05993,train
A-05994,train
A-05995,test
A-05996,train
A-05997,test
A-05998,test
A-05999,train
A-06000,train
A-06001,test
A-06002,train
A-06003,train
A-06004,validation
A-06005,train
A-06006,train
A-06007,test
A-06008,validation
A-06009,train
A-06010,test
A-06011,train
A-06012,train
A-06013,train
A-06014,train
A-06015,train
A-06016,train
A-06017,train
A-06018,validation
A-06019,train
A-06020,train
A-06021,train
A-06022,train
A-06023,train
A-06024,validation
A-06025,validation
A-06026,train
A-06027,train
A-06028,train
A-06029,train
A-06030,train
A-06031,test
A-06032,train
A-06033,train
A-06034,test
A-06035,validation
A-06036,validation
A-06037,train
A-06038,train
A-06039,validation
A-06040,train
A-06041,train
A-06042,test
A-06043,train
A-06044,train
A-06045,train
A-06046,test
A-06047,test
A-06048,train
A-06049,test
A-06050,train
A-06051,train
A-06052,train
A-06053,validation
A-06054,test
A-06055,validation
A-06056,train
A-06057,train
A-06058,test
A-06059,train
A-06060,train
A-06061,train
A-06062,test
A-06063,train
A-06064,train
A-06065,test
A-06066,train
A-06067,train
A-06068,train
A-06069,train
A-06070,test
A-06071,test
A-06072,validation
A-06073,validation
A-06074,train
A-06075,train
A-06076,train
A-06077,train
A-06078,train
A-06079,train
A-06080,validation
A-06081,train
A-06082,train
A-06083,train
A-06084,train
A-06085,train
A-06086,train
A-06087,train
A-06088,train
A-06089,train
A-06090,test
A-06091,train
A-06092,train
A-06093,train
A-06094,train
A-06095,test
A-06096,train
A-06097,train
A-06098,train
A-06099,train
A-06100,train
A-06101,train
A-06102,validation
A-06103,train
A-06104,train
A-06105,train
A-06106,test
A-06107,train
A-06108,validation
A-06109,train
A-06110,validation
A-06111,train
A-06112,train
A-06113,train
A-06114,train
A-06115,train
A-06116,train
A-06117,test
A-06118,test
A-06119,train
A-06120,train
A-06121,train
A-06122,train
A-06123,train
A-06124,test
A-06125,train
A-06126,test
A-06127,train
A-06128,train
A-06129,train
A-06130,train
A-06131,train
A-06132,validation
A-06133,train
A-06134,train
A-06135,train
A-06136,validation
A-06137,test
A-06138,validation
A-06139,train
A-06140,test
A-06141,train
A-06142,train
A-06143,test
A-06144,train
A-06145,train
A-06146,train
A-06147,train
A-06148,validation
A-06149,test
A-06150,train
A-06151,train
A-06152,train
A-06153,train
A-06154,test
A-06155,train
A-06156,train
A-06157,validation
A-06158,train
A-06159,test
A-06160,test
A-06161,test
A-06162,train
A-06163,train
A-06164,test
A-06165,train
A-06166,train
A-06167,train
A-06168,train
A-06169,train
A-06170,train
A-06171,train
A-06172,train
A-06173,train
A-06174,validation
A-06175,validation
A-06176,train
A-06177,test
A-06178,validation
A-06179,train
A-06180,train
A-06181,train
A-06182,train
A-06183,test
A-06184,train
A-06185,validation
A-06186,validation
A-06187,validation
A-06188,train
A-06189,train
A-06190,train
A-06191,train
A-06192,train
A-06193,train
A-06194,train
A-06195,train
A-06196,validation
A-06197,train
A-06198,train
A-06199,train
A-06200,train
A-06201,train
A-06202,train
A-06203,train
A-06204,test
A-06205,train
A-06206,validation
A-06207,test
A-06208,validation
A-06209,train
A-06210,train
A-06211,train
A-06212,validation
A-06213,train
A-06214,validation
A-06215,train
A-06216,train
A-06217,train
A-06218,train
A-06219,train
A-06220,train
A-06221,train
A-06222,train
A-06223,validation
A-06224,train
A-06225,train
A-06226,train
A-06227,validation
A-06228,train
A-06229,train
A-06230,validation
A-06231,train
A-06232,train
A-06233,train
A-06234,train
A-06235,train
A-06236,train
A-06237,train
A-06238,train
A-06239,train
A-06240,train
A-06241,train
A-06242,train
A-06243,test
A-06244,train
A-06245,train
A-06246,train
A-06247,train
A-06248,train
A-06249,train
A-06250,test
A-06251,train
A-06252,train
A-06253,train
A-06254,test
A-06255,train
A-06256,validation
A-06257,test
A-06258,train
A-06259,train
A-06260,train
A-06261,train
A-06262,train
A-06263,train
A-06264,train
A-06265,test
A-06266,train
A-06267,train
A-06268,train
A-06269,train
A-06270,train
A-06271,test
A-06272,train
A-06273,train
A-06274,train
A-06275,test
A-06276,train
A-06277,train
A-06278,train
A-06279,train
A-06280,train
A-06281,train
A-06282,validation
A-06283,train
A-06284,train
A-06285,train
A-06286,train
A-06287,train
A-06288,train
A-06289,train
A-06290,train
A-06291,train
A-06292,train
A-06293,train
A-06294,test
A-06295,train
A-06296,validation
A-06297,train
A-06298,validation
A-06299,train
A-06300,validation
A-06301,train
A-06302,test
A-06303,test
A-06304,test
A-06305,test
A-06306,train
A-06307,validation
A-06308,train
A-06309,test
A-06310,validation
A-06311,train
A-06312,train
A-06313,train
A-06314,test
A-06315,train
A-06316,train
A-06317,train
A-06318,validation
A-06319,train
A-06320,train
A-06321,train
A-06322,train
A-06323,train
A-06324,train
A-06325,test
A-06326,train
A-06327,train
A-06328,train
A-06329,train
A-06330,test
A-06331,train
A-06332,validation
A-06333,train
A-06334,validation
A-06335,test
A-06336,validation
A-06337,test
A-06338,train
A-06339,train
A-06340,train
A-06341,test
A-06342,train
A-06343,train
A-06344,train
A-06345,validation
A-06346,train
A-06347,train
A-06348,train
A-06349,train
A-06350,train
A-06351,test
A-06352,test
A-06353,test
A-06354,train
A-06355,train
A-06356,train
A-06357,train
A-06358,train
A-06359,test
A-06360,train
A-06361,train
A-06362,train
A-06363,test
A-06364,validation
A-06365,train
A-06366,validation
A-06367,train
A-06368,train
A-06369,train
A-06370,train
A-06371,train
A-06372,validation
A-06373,train
A-06374,train
A-06375,train
A-06376,test
A-06377,train
A-06378,train
A-06379,train
A-06380,train
A-06381,train
A-06382,train
A-06383,train
A-06384,validation
A-06385,test
A-06386,train
A-06387,train
A-06388,validation
A-06389,train
A-06390,train
A-06391,train
A-06392,train
A-06393,train
A-06394,train
A-06395,validation
A-06396,train
A-06397,train
A-06398,train
A-06399,train
A-06400,train
A-06401,validation
A-06402,train
A-06403,train
A-06404,train
A-06405,validation
A-06406,train
A-06407,validation
A-06408,train
A-06409,train
A-06410,train
A-06411,train
A-06412,train
A-06413,train
A-06414,train
A-06415,train
A-06416,train
A-06417,train
A-06418,validation
A-06419,train
A-06420,validation
A-06421,train
A-06422,train
A-06423,train
A-06424,train
A-06425,train
A-06426,train
A-06427,test
A-06428,train
A-06429,validation
A-06430,train
A-06431,train
A-06432,train
A-06433,train
A-06434,train
A-06435,train
A-06436,validation
A-06437,train
A-06438,train
A-06439,train
A-06440,train
A-06441,test
A-06442,train
A-06443,test
A-06444,train
A-06445,test
A-06446,validation
A-06447,train
A-06448,train
A-06449,train
A-06450,test
A-06451,train
A-06452,train
A-06453,test
A-06454,train
A-06455,validation
A-06456,train
A-06457,train
A-06458,validation
A-06459,train
A-06460,validation
A-06461,train
A-06462,train
A-06463,train
A-06464,train
A-06465,test
A-06466,train
A-06467,train
A-06468,validation
A-06469,test
A-06470,train
A-06471,train
A-06472,validation
A-06473,train
A-06474,train
A-06475,train
A-06476,test
A-06477,train
A-06478,train
A-06479,train
A-06480,validation
A-06481,train
A-06482,train
A-06483,test
A-06484,train
A-06485,train
A-06486,validation
A-06487,train
A-06488,validation
A-06489,train
A-06490,train
A-06491,train
A-06492,train
A-06493,train
A-06494,train
A-06495,validation
A-06496,train
A-06497,train
A-06498,test
A-06499,train
A-06500,train
A-06501,train
A-06502,train
A-06503,train
A-06504,train
A-06505,test
A-06506,validation
A-06507,train
A-06508,train
A-06509,train
A-06510,train
A-06511,validation
A-06512,train
A-06513,train
A-06514,train
A-06515,train
A-06516,train
A-06517,test
A-06518,train
A-06519,train
A-06520,train
A-06521,train
A-06522,test
A-06523,test
A-06524,validation
A-06525,validation
A-06526,train
A-06527,train
A-06528,validation
A-06529,train
A-06530,train
A-06531,train
A-06532,train
A-06533,validation
A-06534,train
A-06535,train
A-06536,train
A-06537,train
A-06538,train
A-06539,train
A-06540,train
A-06541,train
A-06542,test
A-06543,train
A-06544,train
A-06545,train
A-06546,train
A-06547,test
A-06548,validation
A-06549,train
A-06550,train
A-06551,validation
A-06552,test
A-06553,train
A-06554,train
A-06555,train
A-06556,train
A-06557,train
A-06558,validation
A-06559,train
A-06560,train
A-06561,validation
A-06562,test
A-06563,train
A-06564,test
A-06565,train
A-06566,train
A-06567,train
A-06568,train
A-06569,train
A-06570,train
A-06571,validation
A-06572,test
A-06573,train
A-06574,train
A-06575,train
A-06576,train
A-06577,train
A-06578,validation
A-06579,validation
A-06580,train
A-06581,test
A-06582,train
A-06583,validation
A-06584,train
A-06585,validation
A-06586,train
A-06587,train
A-06588,train
A-06589,train
A-06590,test
A-06591,train
A-06592,validation
A-06593,train
A-06594,train
A-06595,validation
A-06596,train
A-06597,validation
A-06598,train
A-06599,test
A-06600,train
A-06601,train
A-06602,train
A-06603,train
A-06604,train
A-06605,train
A-06606,train
A-06607,validation
A-06608,train
A-06609,train
A-06610,test
A-06611,test
A-06612,validation
A-06613,validation
A-06614,train
A-06615,test
A-06616,validation
A-06617,test
A-06618,train
A-06619,test
A-06620,train
A-06621,train
A-06622,train
A-06623,train
A-06624,validation
A-06625,validation
A-06626,train
A-06627,train
A-06628,train
A-06629,train
A-06630,train
A-06631,test
A-06632,validation
A-06633,train
A-06634,test
A-06635,train
A-06636,train
A-06637,train
A-06638,train
A-06639,train
A-06640,test
A-06641,train
A-06642,test
A-06643,train
A-06644,train
A-06645,train
A-06646,train
A-06647,train
A-06648,test
A-06649,train
A-06650,test
A-06651,train
A-06652,train
A-06653,train
A-06654,test
A-06655,train
A-06656,train
A-06657,test
A-06658,train
A-06659,train
A-06660,train
A-06661,train
A-06662,train
A-06663,validation
A-06664,validation
A-06665,train
A-06666,train
A-06667,train
A-06668,train
A-06669,train
A-06670,train
A-06671,test
A-06672,test
A-06673,test
A-06674,train
A-06675,train
A-06676,train
A-06677,train
A-06678,test
A-06679,validation
A-06680,train
A-06681,train
A-06682,train
A-06683,train
A-06684,train
A-06685,test
A-06686,train
A-06687,train
A-06688,validation
A-06689,train
A-06690,train
A-06691,train
A-06692,test
A-06693,train
A-06694,validation
A-06695,train
A-06696,validation
A-06697,train
A-06698,train
A-06699,validation
A-06700,train
A-06701,train
A-06702,validation
A-06703,train
A-06704,train
A-06705,train
A-06706,validation
A-06707,validation
A-06708,train
A-06709,train
A-06710,test
A-06711,train
A-06712,train
A-06713,train
A-06714,train
A-06715,train
A-06716,test
A-06717,train
A-06718,train
A-06719,train
A-06720,train
A-06721,train
A-06722,train
A-06723,train
A-06724,train
A-06725,test
A-06726,train
A-06727,train
A-06728,validation
A-06729,test
A-06730,test
A-06731,test
A-06732,test
A-06733,validation
A-06734,test
A-06735,test
A-06736,train
A-06737,validation
A-06738,train
A-06739,validation
A-06740,validation
A-06741,train
A-06742,train
A-06743,train
A-06744,train
A-06745,train
A-06746,train
A-06747,validation
A-06748,train
A-06749,test
A-06750,train
A-06751,train
A-06752,train
A-06753,train
A-06754,train
A-06755,test
A-06756,test
A-06757,train
A-06758,test
A-06759,validation
A-06760,train
A-06761,train
A-06762,train
A-06763,test
A-06764,train
A-06765,train
A-06766,train
A-06767,test
A-06768,train
A-06769,train
A-06770,train
A-06771,train
A-06772,test
A-06773,train
A-06774,validation
A-06775,test
A-06776,train
A-06777,train
A-06778,train
A-06779,validation
A-06780,train
A-06781,validation
A-06782,train
A-06783,test
A-06784,train
A-06785,train
A-06786,train
A-06787,train
A-06788,train
A-06789,validation
A-06790,validation
A-06791,validation
A-06792,validation
A-06793,train
A-06794,validation
A-06795,validation
A-06796,train
A-06797,train
A-06798,train
A-06799,validation
A-06800,validation
A-06801,train
A-06802,train
A-06803,train
A-06804,train
A-06805,train
A-06806,train
A-06807,train
A-06808,train
A-06809,train
A-06810,validation
A-06811,train
A-06812,train
A-06813,train
A-06814,train
A-06815,train
A-06816,train
A-06817,train
A-06818,train
A-06819,train
A-06820,train
A-06821,test
A-06822,train
A-06823,train
A-06824,train
A-06825,test
A-06826,train
A-06827,train
A-06828,train
A-06829,validation
A-06830,train
A-06831,train
A-06832,train
A-06833,train
A-06834,train
A-06835,test
A-06836,train
A-06837,train
A-06838,validation
A-06839,test
A-06840,train
A-06841,validation
A-06842,train
A-06843,train
A-06844,train
A-06845,train
A-06846,train
A-06847,train
A-06848,train
A-06849,train
A-06850,train
A-06851,train
A-06852,train
A-06853,train
A-06854,validation
A-06855,validation
A-06856,train
A-06857,train
A-06858,train
A-06859,train
A-06860,test
A-06861,train
A-06862,train
A-06863,train
A-06864,train
A-06865,train
A-06866,train
A-06867,train
A-06868,train
A-06869,validation
A-06870,validation
A-06871,test
A-06872,validation
A-06873,test
A-06874,train
A-06875,train
A-06876,train
A-06877,train
A-06878,train
A-06879,train
A-06880,train
A-06881,train
A-06882,train
A-06883,validation
A-06884,train
A-06885,test
A-06886,train
A-06887,train
A-06888,train
A-06889,train
A-06890,train
A-06891,train
A-06892,train
A-06893,train
A-06894,train
A-06895,validation
A-06896,train
A-06897,test
A-06898,train
A-06899,train
A-06900,train
A-06901,train
A-06902,train
A-06903,train
A-06904,validation
A-06905,train
A-06906,train
A-06907,validation
A-06908,validation
A-06909,test
A-06910,train
A-06911,train
A-06912,train
A-06913,train
A-06914,train
A-06915,train
A-06916,train
A-06917,train
A-06918,validation
A-06919,train
A-06920,train
A-06921,validation
A-06922,test
A-06923,test
A-06924,test
A-06925,train
A-06926,test
A-06927,train
A-06928,train
A-06929,train
A-06930,train
A-06931,train
A-06932,train
A-06933,train
A-06934,validation
A-06935,train
A-06936,train
A-06937,validation
A-06938,train
A-06939,train
A-06940,train
A-06941,train
A-06942,train
A-06943,train
A-06944,train
A-06945,test
A-06946,train
A-06947,validation
A-06948,test
A-06949,train
A-06950,train
A-06951,train
A-06952,test
A-06953,test
A-06954,test
A-06955,train
A-06956,train
A-06957,validation
A-06958,train
A-06959,train
A-06960,test
A-06961,test
A-06962,train
A-06963,train
A-06964,validation
A-06965,train
A-06966,train
A-06967,train
A-06968,train
A-06969,train
A-06970,train
A-06971,validation
A-06972,test
A-06973,train
A-06974,train
A-06975,train
A-06976,train
A-06977,train
A-06978,train
A-06979,test
A-06980,train
A-06981,train
A-06982,validation
A-06983,train
A-06984,train
A-06985,train
A-06986,test
A-06987,train
A-06988,train
A-06989,train
A-06990,train
A-06991,validation
A-06992,validation
A-06993,train
A-06994,test
A-06995,train
A-06996,validation
A-06997,train
A-06998,test
A-06999,train
A-07000,validation
A-07001,train
A-07002,validation
A-07003,test
A-07004,train
A-07005,train
A-07006,test
A-07007,test
A-07008,train
A-07009,train
A-07010,train
A-07011,train
A-07012,test
A-07013,train
A-07014,train
A-07015,validation
A-07016,validation
A-07017,train
A-07018,train
A-07019,train
A-07020,train
A-07021,train
A-07022,train
A-07023,train
A-07024,validation
A-07025,validation
A-07026,train
A-07027,test
A-07028,train
A-07029,train
A-07030,train
A-07031,validation
A-07032,train
A-07033,train
A-07034,test
A-07035,train
A-07036,train
A-07037,validation
A-07038,train
A-07039,train
A-07040,train
A-07041,train
A-07042,validation
A-07043,train
A-07044,train
A-07045,validation
A-07046,test
A-07047,train
A-07048,train
A-07049,train
A-07050,train
A-07051,train
A-07052,train
A-07053,train
A-07054,train
A-07055,train
A-07056,validation
A-07057,train
A-07058,train
A-07059,train
A-07060,test
A-07061,train
A-07062,train
A-07063,train
A-07064,train
A-07065,train
A-07066,train
A-07067,train
A-07068,train
A-07069,train
A-07070,validation
A-07071,train
A-07072,test
A-07073,train
A-07074,train
A-07075,train
A-07076,test
A-07077,train
A-07078,test
A-07079,test
A-07080,train
A-07081,train
A-07082,train
A-07083,train
A-07084,train
A-07085,train
A-07086,train
A-07087,train
A-07088,train
A-07089,train
A-07090,test
A-07091,train
A-07092,test
A-07093,validation
A-07094,train
A-07095,train
A-07096,train
A-07097,train
A-07098,train
A-07099,train
A-07100,train
A-07101,train
A-07102,train
A-07103,train
A-07104,train
A-07105,train
A-07106,validation
A-07107,train
A-07108,train
A-07109,train
A-07110,train
A-07111,train
A-07112,train
A-07113,test
A-07114,test
A-07115,test
A-07116,train
A-07117,train
A-07118,train
A-07119,validation
A-07120,train
A-07121,validation
A-07122,train
A-07123,train
A-07124,validation
A-07125,train
A-07126,train
A-07127,validation
A-07128,validation
A-07129,train
A-07130,train
A-07131,train
A-07132,train
A-07133,train
A-07134,train
A-07135,train
A-07136,test
A-07137,validation
A-07138,train
A-07139,test
A-07140,train
A-07141,train
A-07142,train
A-07143,train
A-07144,train
A-07145,validation
A-07146,validation
A-07147,train
A-07148,train
A-07149,train
A-07150,train
A-07151,train
A-07152,train
A-07153,train
A-07154,train
A-07155,train
A-07156,train
A-07157,train
A-07158,validation
A-07159,validation
A-07160,train
A-07161,test
A-07162,train
A-07163,test
A-07164,train
A-07165,train
A-07166,validation
A-07167,train
A-07168,train
A-07169,train
A-07170,train
A-07171,validation
A-07172,train
A-07173,validation
A-07174,train
A-07175,train
A-07176,validation
A-07177,train
A-07178,validation
A-07179,train
A-07180,train
A-07181,train
A-07182,validation
A-07183,test
A-07184,train
A-07185,train
A-07186,test
A-07187,train
A-07188,train
A-07189,validation
A-07190,train
A-07191,train
A-07192,train
A-07193,validation
A-07194,train
A-07195,train
A-07196,train
A-07197,train
A-07198,test
A-07199,train
A-07200,train
A-07201,train
A-07202,train
A-07203,train
A-07204,validation
A-07205,train
A-07206,train
A-07207,train
A-07208,train
A-07209,train
A-07210,validation
A-07211,train
A-07212,train
A-07213,train
A-07214,test
A-07215,validation
A-07216,train
A-07217,train
A-07218,train
A-07219,train
A-07220,train
A-07221,train
A-07222,train
A-07223,train
A-07224,validation
A-07225,train
A-07226,train
A-07227,validation
A-07228,train
A-07229,train
A-07230,train
A-07231,train
A-07232,test
A-07233,train
A-07234,test
A-07235,train
A-07236,validation
A-07237,train
A-07238,test
A-07239,train
A-07240,train
A-07241,validation
A-07242,train
A-07243,test
A-07244,train
A-07245,train
A-07246,train
A-07247,train
A-07248,train
A-07249,train
A-07250,train
A-07251,test
A-07252,train
A-07253,train
A-07254,train
A-07255,train
A-07256,train
A-07257,test
A-07258,train
A-07259,train
A-07260,train
A-07261,test
A-07262,train
A-07263,train
A-07264,train
A-07265,train
A-07266,train
A-07267,train
A-07268,train
A-07269,test
A-07270,train
A-07271,train
A-07272,train
A-07273,validation
A-07274,train
A-07275,train
A-07276,test
A-07277,validation
A-07278,test
A-07279,test
A-07280,train
A-07281,validation
A-07282,test
A-07283,train
A-07284,validation
A-07285,test
A-07286,train
A-07287,train
A-07288,train
A-07289,train
A-07290,train
A-07291,train
A-07292,train
A-07293,validation
A-07294,train
A-07295,train
A-07296,test
A-07297,test
A-07298,validation
A-07299,train
A-07300,train
A-07301,test
A-07302,test
A-07303,train
A-07304,train
A-07305,test
A-07306,validation
A-07307,test
A-07308,train
A-07309,train
A-07310,train
A-07311,train
A-07312,test
A-07313,train
A-07314,train
A-07315,train
A-07316,train
A-07317,train
A-07318,train
A-07319,train
A-07320,validation
A-07321,train
A-07322,train
A-07323,train
A-07324,test
A-07325,test
A-07326,validation
A-07327,train
A-07328,validation
A-07329,train
A-07330,train
A-07331,train
A-07332,validation
A-07333,test
A-07334,validation
A-07335,test
A-07336,train
A-07337,train
A-07338,train
A-07339,test
A-07340,train
A-07341,train
A-07342,train
A-07343,train
A-07344,test
A-07345,train
A-07346,train
A-07347,train
A-07348,test
A-07349,train
A-07350,train
A-07351,validation
A-07352,train
A-07353,train
A-07354,train
A-07355,test
A-07356,train
A-07357,train
A-07358,train
A-07359,train
A-07360,train
A-07361,train
A-07362,train
A-07363,train
A-07364,train
A-07365,validation
A-07366,train
A-07367,train
A-07368,test
A-07369,train
A-07370,train
A-07371,train
A-07372,test
A-07373,test
A-07374,validation
A-07375,test
A-07376,train
A-07377,train
A-07378,validation
A-07379,test
A-07380,train
A-07381,train
A-07382,train
A-07383,train
A-07384,validation
A-07385,train
A-07386,validation
A-07387,train
A-07388,train
A-07389,validation
A-07390,validation
A-07391,train
A-07392,train
A-07393,train
A-07394,train
A-07395,train
A-07396,train
A-07397,train
A-07398,train
A-07399,test
A-07400,train
A-07401,train
A-07402,train
A-07403,train
A-07404,train
A-07405,validation
A-07406,train
A-07407,validation
A-07408,train
A-07409,train
A-07410,train
A-07411,train
A-07412,train
A-07413,validation
A-07414,train
A-07415,train
A-07416,train
A-07417,validation
A-07418,validation
A-07419,train
A-07420,train
A-07421,train
A-07422,train
A-07423,train
A-07424,train
A-07425,train
A-07426,validation
A-07427,train
A-07428,train
A-07429,train
A-07430,train
A-07431,train
A-07432,test
A-07433,train
A-07434,train
A-07435,train
A-07436,test
A-07437,validation
A-07438,test
A-07439,train
A-07440,train
A-07441,test
A-07442,train
A-07443,train
A-07444,train
A-07445,train
A-07446,train
A-07447,validation
A-07448,test
A-07449,validation
A-07450,validation
A-07451,train
A-07452,test
A-07453,train
A-07454,train
A-07455,test
A-07456,train
A-07457,train
A-07458,train
A-07459,validation
A-07460,train
A-07461,test
A-07462,train
A-07463,train
A-07464,train
A-07465,train
A-07466,train
A-07467,test
A-07468,train
A-07469,train
A-07470,validation
A-07471,train
A-07472,train
A-07473,train
A-07474,train
A-07475,validation
A-07476,test
A-07477,test
A-07478,train
A-07479,train
A-07480,test
A-07481,validation
A-07482,test
A-07483,train
A-07484,train
A-07485,train
A-07486,validation
A-07487,train
A-07488,train
A-07489,train
A-07490,train
A-07491,train
A-07492,train
A-07493,test
A-07494,train
A-07495,train
A-07496,train
A-07497,train
A-07498,train
A-07499,validation
A-07500,train
A-07501,train
A-07502,train
A-07503,train
A-07504,train
A-07505,train
A-07506,train
A-07507,train
A-07508,train
A-07509,train
A-07510,train
A-07511,test
A-07512,train
A-07513,validation
A-07514,train
A-07515,train
A-07516,test
A-07517,train
A-07518,test
A-07519,train
A-07520,train
A-07521,train
A-07522,train
A-07523,train
A-07524,train
A-07525,validation
A-07526,test
A-07527,train
A-07528,train
A-07529,train
A-07530,train
A-07531,train
A-07532,validation
A-07533,train
A-07534,test
A-07535,train
A-07536,train
A-07537,test
A-07538,test
A-07539,train
A-07540,train
A-07541,train
A-07542,train
A-07543,train
A-07544,test
A-07545,validation
A-07546,validation
A-07547,train
A-07548,train
A-07549,train
A-07550,train
A-07551,train
A-07552,train
A-07553,train
A-07554,train
A-07555,train
A-07556,train
A-07557,train
A-07558,validation
A-07559,train
A-07560,train
A-07561,validation
A-07562,train
A-07563,train
A-07564,validation
A-07565,validation
A-07566,train
A-07567,train
A-07568,train
A-07569,validation
A-07570,test
A-07571,validation
A-07572,train
A-07573,train
A-07574,train
A-07575,train
A-07576,validation
A-07577,train
A-07578,train
A-07579,train
A-07580,validation
A-07581,train
A-07582,train
A-07583,train
A-07584,train
A-07585,train
A-07586,train
A-07587,test
A-07588,train
A-07589,train
A-07590,train
A-07591,test
A-07592,train
A-07593,train
A-07594,train
A-07595,train
A-07596,test
A-07597,test
A-07598,train
A-07599,train
A-07600,train
A-07601,validation
A-07602,train
A-07603,train
A-07604,train
A-07605,validation
A-07606,train
A-07607,train
A-07608,test
A-07609,test
A-07610,validation
A-07611,train
A-07612,validation
A-07613,train
A-07614,test
A-07615,train
A-07616,train
A-07617,validation
A-07618,validation
A-07619,train
A-07620,validation
A-07621,train
A-07622,validation
A-07623,train
A-07624,train
A-07625,train
A-07626,train
A-07627,train
A-07628,validation
A-07629,test
A-07630,train
A-07631,train
A-07632,train
A-07633,validation
A-07634,train
A-07635,test
A-07636,validation
A-07637,train
A-07638,validation
A-07639,train
A-07640,validation
A-07641,test
A-07642,train
A-07643,test
A-07644,validation
A-07645,train
A-07646,test
A-07647,train
A-07648,train
A-07649,validation
A-07650,validation
A-07651,train
A-07652,train
A-07653,train
A-07654,train
A-07655,train
A-07656,validation
A-07657,train
A-07658,train
A-07659,train
A-07660,train
A-07661,train
A-07662,test
A-07663,train
A-07664,test
A-07665,train
A-07666,validation
A-07667,train
A-07668,train
A-07669,train
A-07670,train
A-07671,train
A-07672,test
A-07673,validation
A-07674,train
A-07675,train
A-07676,train
A-07677,test
A-07678,validation
A-07679,validation
A-07680,train
A-07681,train
A-07682,validation
A-07683,train
A-07684,test
A-07685,validation
A-07686,train
A-07687,train
A-07688,train
A-07689,train
A-07690,test
A-07691,test
A-07692,train
A-07693,test
A-07694,train
A-07695,test
A-07696,train
A-07697,validation
A-07698,validation
A-07699,test
A-07700,train
A-07701,train
A-07702,train
A-07703,train
A-07704,train
A-07705,validation
A-07706,train
A-07707,train
A-07708,train
A-07709,train
A-07710,train
A-07711,validation
A-07712,test
A-07713,test
A-07714,train
A-07715,train
A-07716,test
A-07717,train
A-07718,test
A-07719,train
A-07720,train
A-07721,test
A-07722,train
A-07723,train
A-07724,test
A-07725,test
A-07726,train
A-07727,train
A-07728,train
A-07729,validation
A-07730,train
A-07731,train
A-07732,train
A-07733,train
A-07734,train
A-07735,train
A-07736,train
A-07737,train
A-07738,train
A-07739,train
A-07740,train
A-07741,validation
A-07742,train
A-07743,train
A-07744,train
A-07745,test
A-07746,validation
A-07747,train
A-07748,train
A-07749,test
A-07750,train
A-07751,test
A-07752,train
A-07753,train
A-07754,validation
A-07755,train
A-07756,test
A-07757,train
A-07758,train
A-07759,train
A-07760,train
A-07761,test
A-07762,validation
A-07763,test
A-07764,train
A-07765,train
A-07766,train
A-07767,test
A-07768,train
A-07769,train
A-07770,test
A-07771,test
A-07772,train
A-07773,train
A-07774,train
A-07775,train
A-07776,train
A-07777,validation
A-07778,test
A-07779,train
A-07780,validation
A-07781,train
A-07782,train
A-07783,train
A-07784,train
A-07785,train
A-07786,train
A-07787,train
A-07788,train
A-07789,train
A-07790,train
A-07791,train
A-07792,train
A-07793,train
A-07794,train
A-07795,test
A-07796,train
A-07797,train
A-07798,train
A-07799,train
A-07800,train
A-07801,train
A-07802,train
A-07803,test
A-07804,train
A-07805,train
A-07806,test
A-07807,validation
A-07808,validation
A-07809,test
A-07810,train
A-07811,train
A-07812,train
A-07813,validation
A-07814,train
A-07815,train
A-07816,train
A-07817,validation
A-07818,test
A-07819,train
A-07820,validation
A-07821,train
A-07822,train
A-07823,train
A-07824,train
A-07825,train
A-07826,train
A-07827,train
A-07828,train
A-07829,train
A-07830,validation
A-07831,train
A-07832,test
A-07833,train
A-07834,train
A-07835,train
A-07836,train
A-07837,validation
A-07838,train
A-07839,test
A-07840,train
A-07841,train
A-07842,train
A-07843,test
A-07844,train
A-07845,train
A-07846,train
A-07847,train
A-07848,train
A-07849,train
A-07850,validation
A-07851,validation
A-07852,train
A-07853,train
A-07854,train
A-07855,train
A-07856,train
A-07857,test
A-07858,test
A-07859,train
A-07860,train
A-07861,validation
A-07862,validation
A-07863,train
A-07864,train
A-07865,train
A-07866,validation
A-07867,train
A-07868,train
A-07869,train
A-07870,validation
A-07871,train
A-07872,test
A-07873,train
A-07874,train
A-07875,train
A-07876,train
A-07877,train
A-07878,train
A-07879,train
A-07880,test
A-07881,train
A-07882,train
A-07883,train
A-07884,train
A-07885,train
A-07886,validation
A-07887,test
A-07888,test
A-07889,train
A-07890,validation
A-07891,train
A-07892,train
A-07893,train
A-07894,train
A-07895,test
A-07896,train
A-07897,validation
A-07898,train
A-07899,train
A-07900,validation
A-07901,train
A-07902,train
A-07903,train
A-07904,test
A-07905,train
A-07906,train
A-07907,train
A-07908,train
A-07909,test
A-07910,train
A-07911,train
A-07912,test
A-07913,train
A-07914,train
A-07915,train
A-07916,train
A-07917,train
A-07918,train
A-07919,train
A-07920,train
A-07921,train
A-07922,validation
A-07923,train
A-07924,test
A-07925,train
A-07926,validation
A-07927,train
A-07928,train
A-07929,train
A-07930,train
A-07931,train
A-07932,train
A-07933,test
A-07934,train
A-07935,train
A-07936,train
A-07937,train
A-07938,train
A-07939,train
A-07940,train
A-07941,validation
A-07942,train
A-07943,test
A-07944,test
A-07945,train
A-07946,train
A-07947,train
A-07948,test
A-07949,validation
A-07950,validation
A-07951,train
A-07952,validation
A-07953,train
A-07954,test
A-07955,test
A-07956,test
A-07957,validation
A-07958,train
A-07959,train
A-07960,train
A-07961,train
A-07962,test
A-07963,test
A-07964,test
A-07965,train
A-07966,train
A-07967,train
A-07968,train
A-07969,train
A-07970,train
A-07971,train
A-07972,train
A-07973,train
A-07974,train
A-07975,test
A-07976,test
A-07977,train
A-07978,train
A-07979,train
A-07980,test
A-07981,train
A-07982,train
A-07983,train
A-07984,train
A-07985,test
A-07986,train
A-07987,train
A-07988,test
A-07989,validation
A-07990,validation
A-07991,train
A-07992,train
A-07993,train
A-07994,train
A-07995,train
A-07996,train
A-07997,train
A-07998,validation
A-07999,test
A-08000,validation
A-08001,test
A-08002,train
A-08003,train
A-08004,test
A-08005,test
A-08006,train
A-08007,validation
A-08008,train
A-08009,train
A-08010,test
A-08011,train
A-08012,train
A-08013,validation
A-08014,test
A-08015,train
A-08016,train
A-08017,train
A-08018,train
A-08019,train
A-08020,train
A-08021,train
A-08022,validation
A-08023,train
A-08024,train
A-08025,train
A-08026,train
A-08027,train
A-08028,train
A-08029,train
A-08030,train
A-08031,train
A-08032,train
A-08033,train
A-08034,train
A-08035,test
A-08036,test
A-08037,train
A-08038,test
A-08039,train
A-08040,validation
A-08041,train
A-08042,train
A-08043,test
A-08044,test
A-08045,validation
A-08046,test
A-08047,train
A-08048,train
A-08049,validation
A-08050,validation
A-08051,train
A-08052,test
A-08053,train
A-08054,test
A-08055,train
A-08056,train
A-08057,train
A-08058,train
A-08059,validation
A-08060,validation
A-08061,train
A-08062,train
A-08063,test
A-08064,train
A-08065,train
A-08066,train
A-08067,train
A-08068,train
A-08069,train
A-08070,train
A-08071,validation
A-08072,train
A-08073,train
A-08074,train
A-08075,validation
A-08076,train
A-08077,train
A-08078,validation
A-08079,validation
A-08080,test
A-08081,train
A-08082,train
A-08083,test
A-08084,train
A-08085,train
A-08086,train
A-08087,train
A-08088,train
A-08089,train
A-08090,train
A-08091,train
A-08092,train
A-08093,test
A-08094,train
A-08095,train
A-08096,train
A-08097,train
A-08098,test
A-08099,train
A-08100,test
A-08101,train
A-08102,train
A-08103,train
A-08104,train
A-08105,train
A-08106,test
A-08107,train
A-08108,train
A-08109,train
A-08110,train
A-08111,train
A-08112,train
A-08113,train
A-08114,train
A-08115,train
A-08116,train
A-08117,train
A-08118,train
A-08119,validation
A-08120,train
A-08121,train
A-08122,train
A-08123,train
A-08124,train
A-08125,train
A-08126,train
A-08127,train
A-08128,train
A-08129,train
A-08130,train
A-08131,train
A-08132,train
A-08133,train
A-08134,validation
A-08135,validation
A-08136,train
A-08137,train
A-08138,train
A-08139,train
A-08140,train
A-08141,test
A-08142,validation
A-08143,train
A-08144,train
A-08145,train
A-08146,train
A-08147,train
A-08148,train
A-08149,train
A-08150,train
A-08151,test
A-08152,test
A-08153,train
A-08154,train
A-08155,validation
A-08156,train
A-08157,train
A-08158,train
A-08159,train
A-08160,train
A-08161,train
A-08162,train
A-08163,train
A-08164,train
A-08165,validation
A-08166,test
A-08167,train
A-08168,train
A-08169,train
A-08170,train
A-08171,train
A-08172,train
A-08173,test
A-08174,train
A-08175,train
A-08176,train
A-08177,train
A-08178,train
A-08179,train
A-08180,train
A-08181,train
A-08182,test
A-08183,train
A-08184,train
A-08185,validation
A-08186,train
A-08187,validation
A-08188,test
A-08189,train
A-08190,train
A-08191,train
A-08192,test
A-08193,test
A-08194,train
A-08195,train
A-08196,train
A-08197,train
A-08198,train
A-08199,validation
A-08200,train
A-08201,train
A-08202,train
A-08203,train
A-08204,train
A-08205,train
A-08206,train
A-08207,validation
A-08208,test
A-08209,validation
A-08210,train
A-08211,train
A-08212,train
A-08213,train
A-08214,validation
A-08215,train
A-08216,train
A-08217,train
A-08218,train
A-08219,train
A-08220,validation
A-08221,train
A-08222,train
A-08223,test
A-08224,train
A-08225,train
A-08226,train
A-08227,train
A-08228,train
A-08229,train
A-08230,train
A-08231,validation
A-08232,train
A-08233,train
A-08234,train
A-08235,test
A-08236,validation
A-08237,train
A-08238,train
A-08239,train
A-08240,train
A-08241,train
A-08242,train
A-08243,test
A-08244,test
A-08245,train
A-08246,test
A-08247,test
A-08248,train
A-08249,train
A-08250,train
A-08251,train
A-08252,train
A-08253,train
A-08254,train
A-08255,train
A-08256,train
A-08257,train
A-08258,train
A-08259,train
A-08260,train
A-08261,test
A-08262,validation
A-08263,train
A-08264,train
A-08265,train
A-08266,train
A-08267,train
A-08268,test
A-08269,validation
A-08270,train
A-08271,validation
A-08272,train
A-08273,train
A-08274,train
A-08275,train
A-08276,train
A-08277,validation
A-08278,train
A-08279,train
A-08280,train
A-08281,train
A-08282,test
A-08283,validation
A-08284,validation
A-08285,validation
A-08286,validation
A-08287,validation
A-08288,train
A-08289,train
A-08290,validation
A-08291,test
A-08292,test
A-08293,train
A-08294,train
A-08295,train
A-08296,train
A-08297,train
A-08298,train
A-08299,validation
A-08300,train
A-08301,train
A-08302,test
A-08303,train
A-08304,test
A-08305,train
A-08306,train
A-08307,validation
A-08308,validation
A-08309,train
A-08310,train
A-08311,train
A-08312,validation
A-08313,train
A-08314,train
A-08315,train
A-08316,train
A-08317,train
A-08318,train
A-08319,train
A-08320,train
A-08321,train
A-08322,validation
A-08323,validation
A-08324,train
A-08325,train
A-08326,validation
A-08327,train
A-08328,validation
A-08329,train
A-08330,validation
A-08331,train
A-08332,train
A-08333,train
A-08334,train
A-08335,train
A-08336,validation
A-08337,train
A-08338,train
A-08339,train
A-08340,validation
A-08341,train
A-08342,train
A-08343,train
A-08344,test
A-08345,train
A-08346,validation
A-08347,test
A-08348,train
A-08349,validation
A-08350,train
A-08351,validation
A-08352,test
A-08353,train
A-08354,train
A-08355,test
A-08356,test
A-08357,train
A-08358,validation
A-08359,validation
A-08360,train
A-08361,train
A-08362,train
A-08363,train
A-08364,train
A-08365,train
A-08366,train
A-08367,train
A-08368,train
A-08369,train
A-08370,train
A-08371,train
A-08372,test
A-08373,test
A-08374,train
A-08375,train
A-08376,train
A-08377,test
A-08378,validation
A-08379,train
A-08380,train
A-08381,validation
A-08382,train
A-08383,train
A-08384,test
A-08385,train
A-08386,train
A-08387,train
A-08388,train
A-08389,train
A-08390,train
A-08391,train
A-08392,train
A-08393,train
A-08394,train
A-08395,train
A-08396,train
A-08397,train
A-08398,train
A-08399,test
A-08400,train
A-08401,train
A-08402,train
A-08403,train
A-08404,validation
A-08405,train
A-08406,validation
A-08407,train
A-08408,train
A-08409,train
A-08410,train
A-08411,train
A-08412,train
A-08413,train
A-08414,validation
A-08415,validation
A-08416,train
A-08417,train
A-08418,train
A-08419,test
A-08420,train
A-08421,test
A-08422,validation
A-08423,validation
A-08424,train
A-08425,train
A-08426,test
A-08427,validation
A-08428,test
A-08429,test
A-08430,test
A-08431,train
A-08432,train
A-08433,train
A-08434,validation
A-08435,train
A-08436,train
A-08437,train
A-08438,train
A-08439,train
A-08440,train
A-08441,train
A-08442,validation
A-08443,validation
A-08444,validation
A-08445,train
A-08446,test
A-08447,test
A-08448,train
A-08449,validation
A-08450,train
A-08451,test
A-08452,train
A-08453,train
A-08454,train
A-08455,train
A-08456,train
A-08457,train
A-08458,train
A-08459,train
A-08460,train
A-08461,test
A-08462,train
A-08463,train
A-08464,train
A-08465,train
A-08466,validation
A-08467,train
A-08468,train
A-08469,train
A-08470,train
A-08471,train
A-08472,train
A-08473,train
A-08474,test
A-08475,train
A-08476,train
A-08477,train
A-08478,train
A-08479,train
A-08480,train
A-08481,train
A-08482,train
A-08483,train
A-08484,validation
A-08485,train
A-08486,test
A-08487,train
A-08488,train
A-08489,test
A-08490,train
A-08491,train
A-08492,train
A-08493,validation
A-08494,train
A-08495,train
A-08496,train
A-08497,train
A-08498,test
A-08499,train
A-08500,train
A-08501,train
A-08502,train
A-08503,train
A-08504,train
A-08505,validation
A-08506,train
A-08507,test
A-08508,validation
A-08509,train
A-08510,validation
A-08511,train
A-08512,train
A-08513,train
A-08514,train
A-08515,train
A-08516,validation
A-08517,train
A-08518,train
A-08519,train
A-08520,train
A-08521,train
A-08522,train
A-08523,validation
A-08524,train
A-08525,validation
A-08526,train
A-08527,train
A-08528,train
A-08529,train
A-08530,train
A-08531,train
A-08532,train
A-08533,train
A-08534,train
A-08535,train
A-08536,train
A-08537,test
A-08538,validation
A-08539,train
A-08540,validation
A-08541,train
A-08542,train
A-08543,validation
A-08544,train
A-08545,test
A-08546,train
A-08547,train
A-08548,validation
A-08549,train
A-08550,train
A-08551,train
A-08552,train
A-08553,train
A-08554,train
A-08555,train
A-08556,train
A-08557,train
A-08558,train
A-08559,test
A-08560,train
A-08561,train
A-08562,train
A-08563,test
A-08564,train
A-08565,train
A-08566,train
A-08567,train
A-08568,train
A-08569,test
A-08570,train
A-08571,train
A-08572,train
A-08573,validation
A-08574,train
A-08575,train
A-08576,train
A-08577,train
A-08578,test
A-08579,train
A-08580,train
A-08581,train
A-08582,train
A-08583,validation
A-08584,train
A-08585,train
A-08586,train
A-08587,train
A-08588,train
A-08589,train
A-08590,train
A-08591,test
A-08592,validation
A-08593,validation
A-08594,train
A-08595,test
A-08596,validation
A-08597,train
A-08598,train
A-08599,train
A-08600,validation
A-08601,test
A-08602,validation
A-08603,test
A-08604,test
A-08605,validation
A-08606,validation
A-08607,train
A-08608,test
A-08609,train
A-08610,validation
A-08611,train
A-08612,train
A-08613,test
A-08614,train
A-08615,train
A-08616,train
A-08617,test
A-08618,train
A-08619,test
A-08620,train
A-08621,train
A-08622,train
A-08623,train
A-08624,train
A-08625,train
A-08626,train
A-08627,train
A-08628,test
A-08629,train
A-08630,train
A-08631,train
A-08632,train
A-08633,train
A-08634,validation
A-08635,validation
A-08636,validation
A-08637,train
A-08638,train
A-08639,train
A-08640,train
A-08641,train
A-08642,test
A-08643,test
A-08644,train
A-08645,train
A-08646,validation
A-08647,train
A-08648,train
A-08649,test
A-08650,train
A-08651,train
A-08652,validation
A-08653,train
A-08654,train
A-08655,train
A-08656,train
A-08657,train
A-08658,train
A-08659,train
A-08660,validation
A-08661,train
A-08662,train
A-08663,train
A-08664,train
A-08665,train
A-08666,train
A-08667,test
A-08668,validation
A-08669,train
A-08670,test
A-08671,train
A-08672,train
A-08673,train
A-08674,train
A-08675,train
A-08676,validation
A-08677,test
A-08678,test
A-08679,train
A-08680,validation
A-08681,train
A-08682,test
A-08683,validation
A-08684,train
A-08685,validation
A-08686,train
A-08687,validation
A-08688,train
A-08689,train
A-08690,train
A-08691,test
A-08692,train
A-08693,train
A-08694,train
A-08695,train
A-08696,train
A-08697,validation
A-08698,test
A-08699,train
A-08700,train
A-08701,test
A-08702,train
A-08703,train
A-08704,test
A-08705,test
A-08706,validation
A-08707,train
A-08708,train
A-08709,test
A-08710,validation
A-08711,train
A-08712,validation
A-08713,test
A-08714,train
A-08715,train
A-08716,train
A-08717,train
A-08718,train
A-08719,train
A-08720,train
A-08721,train
A-08722,train
A-08723,validation
A-08724,validation
A-08725,train
A-08726,train
A-08727,train
A-08728,train
A-08729,validation
A-08730,train
A-08731,train
A-08732,validation
A-08733,test
A-08734,train
A-08735,test
A-08736,train
A-08737,train
A-08738,train
A-08739,train
A-08740,train
A-08741,train
A-08742,train
A-08743,train
A-08744,train
A-08745,train
A-08746,validation
A-08747,train
A-08748,test
A-08749,train
A-08750,train
A-08751,train
A-08752,train
A-08753,train
A-08754,train
A-08755,test
A-08756,train
A-08757,train
A-08758,train
A-08759,test
A-08760,train
A-08761,train
A-08762,train
A-08763,train
A-08764,train
A-08765,train
A-08766,train
A-08767,train
A-08768,train
A-08769,train
A-08770,train
A-08771,train
A-08772,train
A-08773,train
A-08774,train
A-08775,train
A-08776,train
A-08777,train
A-08778,train
A-08779,train
A-08780,train
A-08781,train
A-08782,train
A-08783,train
A-08784,train
A-08785,train
A-08786,train
A-08787,train
A-08788,train
A-08789,validation
A-08790,train
A-08791,test
A-08792,train
A-08793,train
A-08794,train
A-08795,validation
A-08796,train
A-08797,test
A-08798,train
A-08799,train
A-08800,train
A-08801,train
A-08802,train
A-08803,train
A-08804,train
A-08805,train
A-08806,validation
A-08807,train
A-08808,train
A-08809,train
A-08810,test
A-08811,test
A-08812,validation
A-08813,train
A-08814,train
A-08815,train
A-08816,test
A-08817,train
A-08818,train
A-08819,train
A-08820,train
A-08821,train
A-08822,train
A-08823,train
A-08824,train
A-08825,train
A-08826,validation
A-08827,train
A-08828,train
A-08829,train
A-08830,train
A-08831,train
A-08832,train
A-08833,test
A-08834,train
A-08835,train
A-08836,train
A-08837,train
A-08838,train
A-08839,train
A-08840,test
A-08841,train
A-08842,train
A-08843,train
A-08844,train
A-08845,train
A-08846,train
A-08847,train
A-08848,train
A-08849,validation
A-08850,validation
A-08851,train
A-08852,validation
A-08853,train
A-08854,validation
A-08855,train
A-08856,train
A-08857,train
A-08858,validation
A-08859,train
A-08860,train
A-08861,train
A-08862,validation
A-08863,test
A-08864,train
A-08865,train
A-08866,train
A-08867,train
A-08868,train
A-08869,train
A-08870,test
A-08871,train
A-08872,train
A-08873,train
A-08874,train
A-08875,test
A-08876,train
A-08877,train
A-08878,train
A-08879,train
A-08880,validation
A-08881,train
A-08882,train
A-08883,train
A-08884,validation
A-08885,validation
A-08886,train
A-08887,train
A-08888,train
A-08889,validation
A-08890,train
A-08891,train
A-08892,train
A-08893,train
A-08894,validation
A-08895,train
A-08896,test
A-08897,test
A-08898,train
A-08899,train
A-08900,train
A-08901,test
A-08902,train
A-08903,test
A-08904,train
A-08905,test
A-08906,validation
A-08907,train
A-08908,train
A-08909,test
A-08910,test
A-08911,train
A-08912,train
A-08913,train
A-08914,train
A-08915,train
A-08916,train
A-08917,train
A-08918,train
A-08919,train
A-08920,train
A-08921,train
A-08922,train
A-08923,train
A-08924,test
A-08925,train
A-08926,test
A-08927,train
A-08928,train
A-08929,validation
A-08930,validation
A-08931,train
A-08932,train
A-08933,train
A-08934,train
A-08935,train
A-08936,train
A-08937,train
A-08938,test
A-08939,train
A-08940,test
A-08941,train
A-08942,test
A-08943,train
A-08944,test
A-08945,train
A-08946,train
A-08947,test
A-08948,train
A-08949,validation
A-08950,train
A-08951,test
A-08952,train
A-08953,train
A-08954,test
A-08955,test
A-08956,train
A-08957,train
A-08958,validation
A-08959,train
A-08960,train
A-08961,test
A-08962,train
A-08963,train
A-08964,train
A-08965,validation
A-08966,train
A-08967,train
A-08968,train
A-08969,train
A-08970,train
A-08971,train
A-08972,validation
A-08973,test
A-08974,train
A-08975,test
A-08976,validation
A-08977,train
A-08978,validation
A-08979,train
A-08980,train
A-08981,train
A-08982,train
A-08983,train
A-08984,train
A-08985,train
A-08986,train
A-08987,train
A-08988,train
A-08989,train
A-08990,train
A-08991,train
A-08992,train
A-08993,train
A-08994,train
A-08995,train
A-08996,validation
A-08997,train
A-08998,train
A-08999,validation
A-09000,train
A-09001,train
A-09002,train
A-09003,train
A-09004,validation
A-09005,train
A-09006,train
A-09007,validation
A-09008,validation
A-09009,train
A-09010,test
A-09011,validation
A-09012,test
A-09013,train
A-09014,train
A-09015,validation
A-09016,train
A-09017,train
A-09018,train
A-09019,test
A-09020,train
A-09021,train
A-09022,train
A-09023,test
A-09024,train
A-09025,train
A-09026,train
A-09027,train
A-09028,test
A-09029,train
A-09030,train
A-09031,test
A-09032,test
A-09033,train
A-09034,train
A-09035,train
A-09036,validation
A-09037,test
A-09038,validation
A-09039,train
A-09040,train
A-09041,train
A-09042,train
A-09043,train
A-09044,train
A-09045,train
A-09046,train
A-09047,train
A-09048,test
A-09049,train
A-09050,validation
A-09051,train
A-09052,train
A-09053,train
A-09054,train
A-09055,train
A-09056,train
A-09057,test
A-09058,train
A-09059,train
A-09060,train
A-09061,train
A-09062,train
A-09063,validation
A-09064,train
A-09065,train
A-09066,train
A-09067,validation
A-09068,test
A-09069,validation
A-09070,train
A-09071,train
A-09072,test
A-09073,train
A-09074,train
A-09075,validation
A-09076,validation
A-09077,test
A-09078,train
A-09079,train
A-09080,train
A-09081,train
A-09082,train
A-09083,test
A-09084,train
A-09085,validation
A-09086,validation
A-09087,train
A-09088,train
A-09089,test
A-09090,train
A-09091,train
A-09092,validation
A-09093,train
A-09094,test
A-09095,validation
A-09096,validation
A-09097,train
A-09098,validation
A-09099,train
A-09100,train
A-09101,train
A-09102,train
A-09103,test
A-09104,train
A-09105,train
A-09106,validation
A-09107,train
A-09108,train
A-09109,train
A-09110,test
A-09111,train
A-09112,train
A-09113,test
A-09114,train
A-09115,validation
A-09116,train
A-09117,test
A-09118,train
A-09119,test
A-09120,train
A-09121,validation
A-09122,train
A-09123,train
A-09124,train
A-09125,test
A-09126,train
A-09127,train
A-09128,validation
A-09129,test
A-09130,train
A-09131,train
A-09132,train
A-09133,train
A-09134,train
A-09135,test
A-09136,train
A-09137,train
A-09138,train
A-09139,train
A-09140,train
A-09141,train
A-09142,validation
A-09143,train
A-09144,train
A-09145,train
A-09146,test
A-09147,validation
A-09148,validation
A-09149,validation
A-09150,test
A-09151,test
A-09152,test
A-09153,train
A-09154,test
A-09155,train
A-09156,validation
A-09157,test
A-09158,train
A-09159,train
A-09160,test
A-09161,train
A-09162,test
A-09163,train
A-09164,train
A-09165,validation
A-09166,test
A-09167,train
A-09168,train
A-09169,validation
A-09170,test
A-09171,test
A-09172,train
A-09173,train
A-09174,validation
A-09175,test
A-09176,test
A-09177,train
A-09178,train
A-09179,train
A-09180,train
A-09181,validation
A-09182,train
A-09183,train
A-09184,train
A-09185,test
A-09186,test
A-09187,test
A-09188,test
A-09189,train
A-09190,train
A-09191,train
A-09192,train
A-09193,train
A-09194,train
A-09195,train
A-09196,validation
A-09197,train
A-09198,train
A-09199,train
A-09200,train
A-09201,train
A-09202,validation
A-09203,train
A-09204,test
A-09205,train
A-09206,train
A-09207,train
A-09208,train
A-09209,train
A-09210,test
A-09211,train
A-09212,train
A-09213,train
A-09214,test
A-09215,train
A-09216,train
A-09217,train
A-09218,train
A-09219,validation
A-09220,train
A-09221,train
A-09222,train
A-09223,train
A-09224,train
A-09225,train
A-09226,train
A-09227,validation
A-09228,train
A-09229,validation
A-09230,train
A-09231,train
A-09232,validation
A-09233,test
A-09234,train
A-09235,train
A-09236,train
A-09237,train
A-09238,train
A-09239,test
A-09240,validation
A-09241,validation
A-09242,train
A-09243,train
A-09244,train
A-09245,test
A-09246,train
A-09247,train
A-09248,train
A-09249,train
A-09250,train
A-09251,train
A-09252,train
A-09253,train
A-09254,train
A-09255,train
A-09256,train
A-09257,train
A-09258,validation
A-09259,train
A-09260,test
A-09261,validation
A-09262,train
A-09263,train
A-09264,validation
A-09265,train
A-09266,validation
A-09267,test
A-09268,train
A-09269,validation
A-09270,train
A-09271,train
A-09272,test
A-09273,validation
A-09274,train
A-09275,train
A-09276,train
A-09277,validation
A-09278,validation
A-09279,train
A-09280,validation
A-09281,train
A-09282,train
A-09283,train
A-09284,test
A-09285,test
A-09286,train
A-09287,train
A-09288,train
A-09289,train
A-09290,test
A-09291,validation
A-09292,train
A-09293,validation
A-09294,validation
A-09295,train
A-09296,train
A-09297,train
A-09298,validation
A-09299,train
A-09300,test
A-09301,train
A-09302,test
A-09303,train
A-09304,train
A-09305,train
A-09306,validation
A-09307,train
A-09308,train
A-09309,train
A-09310,test
A-09311,test
A-09312,train
A-09313,validation
A-09314,train
A-09315,train
A-09316,train
A-09317,train
A-09318,train
A-09319,test
A-09320,validation
A-09321,test
A-09322,train
A-09323,train
A-09324,train
A-09325,train
A-09326,validation
A-09327,test
A-09328,train
A-09329,train
A-09330,train
A-09331,train
A-09332,train
A-09333,train
A-09334,train
A-09335,validation
A-09336,validation
A-09337,train
A-09338,train
A-09339,test
A-09340,train
A-09341,train
A-09342,train
A-09343,validation
A-09344,validation
A-09345,train
A-09346,train
A-09347,train
A-09348,train
A-09349,train
A-09350,validation
A-09351,train
A-09352,train
A-09353,train
A-09354,train
A-09355,train
A-09356,train
A-09357,validation
A-09358,train
A-09359,test
A-09360,train
A-09361,train
A-09362,train
A-09363,test
A-09364,train
A-09365,validation
A-09366,validation
A-09367,train
A-09368,train
A-09369,validation
A-09370,train
A-09371,test
A-09372,test
A-09373,train
A-09374,train
A-09375,validation
A-09376,test
A-09377,train
A-09378,train
A-09379,train
A-09380,train
A-09381,train
A-09382,train
A-09383,validation
A-09384,train
A-09385,train
A-09386,train
A-09387,train
A-09388,test
A-09389,train
A-09390,validation
A-09391,train
A-09392,train
A-09393,test
A-09394,train
A-09395,test
A-09396,validation
A-09397,train
A-09398,train
A-09399,train
A-09400,train
A-09401,train
A-09402,train
A-09403,train
A-09404,train
A-09405,train
A-09406,train
A-09407,train
A-09408,test
A-09409,train
A-09410,train
A-09411,train
A-09412,validation
A-09413,train
A-09414,train
A-09415,validation
A-09416,train
A-09417,validation
A-09418,validation
A-09419,train
A-09420,validation
A-09421,train
A-09422,train
A-09423,train
A-09424,test
A-09425,train
A-09426,test
A-09427,train
A-09428,train
A-09429,train
A-09430,train
A-09431,train
A-09432,test
A-09433,train
A-09434,validation
A-09435,test
A-09436,train
A-09437,test
A-09438,train
A-09439,train
A-09440,train
A-09441,train
A-09442,train
A-09443,train
A-09444,train
A-09445,train
A-09446,test
A-09447,train
A-09448,train
A-09449,train
A-09450,train
A-09451,train
A-09452,train
A-09453,test
A-09454,train
A-09455,train
A-09456,train
A-09457,train
A-09458,train
A-09459,test
A-09460,train
A-09461,train
A-09462,train
A-09463,validation
A-09464,train
A-09465,train
A-09466,train
A-09467,train
A-09468,test
A-09469,train
A-09470,train
A-09471,validation
A-09472,train
A-09473,train
A-09474,validation
A-09475,test
A-09476,train
A-09477,train
A-09478,train
A-09479,validation
A-09480,test
A-09481,train
A-09482,train
A-09483,train
A-09484,train
A-09485,test
A-09486,train
A-09487,train
A-09488,train
A-09489,train
A-09490,train
A-09491,train
A-09492,train
A-09493,train
A-09494,train
A-09495,train
A-09496,train
A-09497,test
A-09498,train
A-09499,validation
A-09500,train
A-09501,validation
A-09502,train
A-09503,train
A-09504,train
A-09505,train
A-09506,train
A-09507,test
A-09508,train
A-09509,validation
A-09510,train
A-09511,validation
A-09512,train
A-09513,train
A-09514,train
A-09515,train
A-09516,train
A-09517,test
A-09518,train
A-09519,validation
A-09520,validation
A-09521,train
A-09522,train
A-09523,train
A-09524,train
A-09525,validation
A-09526,validation
A-09527,train
A-09528,test
A-09529,train
A-09530,test
A-09531,train
A-09532,train
A-09533,validation
A-09534,train
A-09535,train
A-09536,train
A-09537,train
A-09538,train
A-09539,validation
A-09540,train
A-09541,test
A-09542,train
A-09543,test
A-09544,train
A-09545,train
A-09546,train
A-09547,train
A-09548,validation
A-09549,train
A-09550,train
A-09551,train
A-09552,train
A-09553,validation
A-09554,test
A-09555,validation
A-09556,train
A-09557,train
A-09558,train
A-09559,train
A-09560,train
A-09561,train
A-09562,train
A-09563,validation
A-09564,train
A-09565,train
A-09566,test
A-09567,validation
A-09568,train
A-09569,train
A-09570,train
A-09571,train
A-09572,train
A-09573,train
A-09574,train
A-09575,validation
A-09576,validation
A-09577,train
A-09578,validation
A-09579,test
A-09580,train
A-09581,test
A-09582,test
A-09583,train
A-09584,test
A-09585,train
A-09586,train
A-09587,validation
A-09588,train
A-09589,validation
A-09590,test
A-09591,validation
A-09592,train
A-09593,train
A-09594,train
A-09595,train
A-09596,test
A-09597,train
A-09598,test
A-09599,validation
A-09600,validation
A-09601,train
A-09602,train
A-09603,train
A-09604,validation
A-09605,train
A-09606,validation
A-09607,train
A-09608,train
A-09609,test
A-09610,train
A-09611,validation
A-09612,validation
A-09613,train
A-09614,train
A-09615,train
A-09616,train
A-09617,train
A-09618,train
A-09619,train
A-09620,train
A-09621,train
A-09622,train
A-09623,test
A-09624,train
A-09625,train
A-09626,validation
A-09627,train
A-09628,train
A-09629,test
A-09630,train
A-09631,validation
A-09632,train
A-09633,train
A-09634,train
A-09635,train
A-09636,train
A-09637,train
A-09638,train
A-09639,train
A-09640,train
A-09641,train
A-09642,train
A-09643,train
A-09644,train
A-09645,validation
A-09646,train
A-09647,train
A-09648,test
A-09649,train
A-09650,train
A-09651,train
A-09652,train
A-09653,train
A-09654,train
A-09655,train
A-09656,train
A-09657,train
A-09658,train
A-09659,train
A-09660,train
A-09661,train
A-09662,train
A-09663,validation
A-09664,validation
A-09665,validation
A-09666,test
A-09667,train
A-09668,test
A-09669,validation
A-09670,train
A-09671,validation
A-09672,train
A-09673,train
A-09674,train
A-09675,train
A-09676,train
A-09677,train
A-09678,train
A-09679,train
A-09680,train
A-09681,validation
A-09682,train
A-09683,train
A-09684,train
A-09685,validation
A-09686,test
A-09687,train
A-09688,validation
A-09689,validation
A-09690,train
A-09691,test
A-09692,validation
A-09693,train
A-09694,train
A-09695,train
A-09696,test
A-09697,train
A-09698,validation
A-09699,test
A-09700,train
A-09701,validation
A-09702,train
A-09703,test
A-09704,train
A-09705,train
A-09706,test
A-09707,train
A-09708,test
A-09709,train
A-09710,train
A-09711,train
A-09712,validation
A-09713,validation
A-09714,train
A-09715,validation
A-09716,train
A-09717,train
A-09718,train
A-09719,train
A-09720,train
A-09721,train
A-09722,validation
A-09723,train
A-09724,validation
A-09725,train
A-09726,train
A-09727,train
A-09728,train
A-09729,test
A-09730,train
A-09731,train
A-09732,validation
A-09733,test
A-09734,test
A-09735,validation
A-09736,train
A-09737,train
A-09738,train
A-09739,train
A-09740,test
A-09741,train
A-09742,train
A-09743,train
A-09744,train
A-09745,train
A-09746,test
A-09747,train
A-09748,train
A-09749,train
A-09750,test
A-09751,train
A-09752,train
A-09753,train
A-09754,validation
A-09755,train
A-09756,train
A-09757,train
A-09758,train
A-09759,train
A-09760,train
A-09761,test
A-09762,validation
A-09763,test
A-09764,test
A-09765,train
A-09766,validation
A-09767,test
A-09768,train
A-09769,validation
A-09770,train
A-09771,train
A-09772,test
A-09773,validation
A-09774,train
A-09775,train
A-09776,test
A-09777,test
A-09778,validation
A-09779,train
A-09780,train
A-09781,train
A-09782,train
A-09783,train
A-09784,train
A-09785,train
A-09786,validation
A-09787,train
A-09788,train
A-09789,train
A-09790,train
A-09791,train
A-09792,train
A-09793,validation
A-09794,train
A-09795,test
A-09796,train
A-09797,train
A-09798,train
A-09799,train
A-09800,train
A-09801,train
A-09802,validation
A-09803,train
A-09804,train
A-09805,validation
A-09806,test
A-09807,train
A-09808,train
A-09809,test
A-09810,train
A-09811,validation
A-09812,train
A-09813,test
A-09814,train
A-09815,train
A-09816,validation
A-09817,train
A-09818,train
A-09819,train
A-09820,train
A-09821,train
A-09822,train
A-09823,train
A-09824,test
A-09825,train
A-09826,train
A-09827,train
A-09828,train
A-09829,train
A-09830,train
A-09831,train
A-09832,train
A-09833,train
A-09834,train
A-09835,train
A-09836,validation
A-09837,validation
A-09838,train
A-09839,train
A-09840,validation
A-09841,train
A-09842,test
A-09843,train
A-09844,train
A-09845,train
A-09846,train
A-09847,validation
A-09848,train
A-09849,train
A-09850,train
A-09851,train
A-09852,train
A-09853,train
A-09854,test
A-09855,train
A-09856,validation
A-09857,train
A-09858,train
A-09859,validation
A-09860,train
A-09861,train
A-09862,train
A-09863,test
A-09864,test
A-09865,train
A-09866,train
A-09867,train
A-09868,train
A-09869,train
A-09870,train
A-09871,train
A-09872,train
A-09873,train
A-09874,train
A-09875,train
A-09876,train
A-09877,train
A-09878,train
A-09879,test
A-09880,train
A-09881,train
A-09882,train
A-09883,train
A-09884,train
A-09885,train
A-09886,train
A-09887,train
A-09888,test
A-09889,validation
A-09890,validation
A-09891,train
A-09892,train
A-09893,test
A-09894,validation
A-09895,train
A-09896,test
A-09897,train
A-09898,train
A-09899,train
A-09900,train
A-09901,validation
A-09902,test
A-09903,train
A-09904,train
A-09905,train
A-09906,test
A-09907,train
A-09908,train
A-09909,train
A-09910,train
A-09911,train
A-09912,train
A-09913,test
A-09914,train
A-09915,test
A-09916,train
A-09917,train
A-09918,train
A-09919,train
A-09920,test
A-09921,train
A-09922,test
A-09923,test
A-09924,train
A-09925,train
A-09926,test
A-09927,train
A-09928,test
A-09929,train
A-09930,test
A-09931,train
A-09932,train
A-09933,validation
A-09934,train
A-09935,train
A-09936,validation
A-09937,test
A-09938,train
A-09939,train
A-09940,validation
A-09941,test
A-09942,train
A-09943,validation
A-09944,train
A-09945,train
A-09946,train
A-09947,train
A-09948,train
A-09949,train
A-09950,validation
A-09951,train
A-09952,train
A-09953,validation
A-09954,validation
A-09955,test
A-09956,test
A-09957,train
A-09958,train
A-09959,train
A-09960,train
A-09961,train
A-09962,train
A-09963,train
A-09964,test
A-09965,train
A-09966,train
A-09967,validation
A-09968,train
A-09969,train
A-09970,train
A-09971,train
A-09972,test
A-09973,validation
A-09974,train
A-09975,train
A-09976,validation
A-09977,train
A-09978,train
A-09979,test
A-09980,validation
A-09981,train
A-09982,test
A-09983,train
A-09984,train
A-09985,train
A-09986,train
A-09987,train
A-09988,validation
A-09989,train
A-09990,validation
A-09991,train
A-09992,train
A-09993,train
A-09994,train
A-09995,test
A-09996,validation
A-09997,test
A-09998,validation
A-09999,train
A-10000,train
A-10001,train
A-10002,test
A-10003,train
A-10004,train
A-10005,train
A-10006,train
A-10007,train
A-10008,train
A-10009,train
A-10010,train
A-10011,test
A-10012,test
A-10013,train
A-10014,train
A-10015,test
A-10016,train
A-10017,validation
A-10018,train
A-10019,validation
A-10020,train
A-10021,train
A-10022,train
A-10023,test
A-10024,validation
A-10025,test
A-10026,train
A-10027,train
A-10028,train
A-10029,validation
A-10030,train
A-10031,train
A-10032,test
A-10033,train
A-10034,train
A-10035,train
A-10036,train
A-10037,validation
A-10038,validation
A-10039,train
A-10040,test
A-10041,train
A-10042,train
A-10043,train
A-10044,train
A-10045,train
A-10046,train
A-10047,train
A-10048,test
A-10049,train
A-10050,train
A-10051,train
A-10052,validation
A-10053,train
A-10054,train
A-10055,validation
A-10056,train
A-10057,train
A-10058,train
A-10059,train
A-10060,train
A-10061,train
A-10062,test
A-10063,train
A-10064,train
A-10065,train
A-10066,train
A-10067,test
A-10068,train
A-10069,train
A-10070,train
A-10071,test
A-10072,train
A-10073,train
A-10074,train
A-10075,train
A-10076,validation
A-10077,train
A-10078,validation
A-10079,train
A-10080,train
A-10081,train
A-10082,test
A-10083,validation
A-10084,validation
A-10085,train
A-10086,train
A-10087,validation
A-10088,train
A-10089,train
A-10090,train
A-10091,train
A-10092,train
A-10093,validation
A-10094,train
A-10095,train
A-10096,test
A-10097,train
A-10098,test
A-10099,train
A-10100,train
A-10101,train
A-10102,train
A-10103,train
A-10104,train
A-10105,train
A-10106,test
A-10107,train
A-10108,train
A-10109,validation
A-10110,train
A-10111,train
A-10112,train
A-10113,train
A-10114,train
A-10115,train
A-10116,train
A-10117,train
A-10118,test
A-10119,train
A-10120,train
A-10121,train
A-10122,train
A-10123,train
A-10124,train
A-10125,train
A-10126,validation
A-10127,train
A-10128,validation
A-10129,train
A-10130,validation
A-10131,train
A-10132,train
A-10133,train
A-10134,train
A-10135,test
A-10136,train
A-10137,test
A-10138,train
A-10139,train
A-10140,train
A-10141,train
A-10142,train
A-10143,validation
A-10144,train
A-10145,test
A-10146,train
A-10147,test
A-10148,train
A-10149,train
A-10150,train
A-10151,train
A-10152,test
A-10153,train
A-10154,train
A-10155,train
A-10156,train
A-10157,train
A-10158,train
A-10159,validation
A-10160,train
A-10161,train
A-10162,test
A-10163,train
A-10164,train
A-10165,train
A-10166,train
A-10167,train
A-10168,train
A-10169,train
A-10170,test
A-10171,validation
A-10172,train
A-10173,test
A-10174,train
A-10175,test
A-10176,validation
A-10177,train
A-10178,train
A-10179,train
A-10180,train
A-10181,train
A-10182,train
A-10183,train
A-10184,test
A-10185,validation
A-10186,train
A-10187,train
A-10188,train
A-10189,train
A-10190,validation
A-10191,train
A-10192,train
A-10193,test
A-10194,train
A-10195,train
A-10196,train
A-10197,train
A-10198,train
A-10199,train
A-10200,test
A-10201,train
A-10202,test
A-10203,train
A-10204,train
A-10205,validation
A-10206,test
A-10207,train
A-10208,train
A-10209,validation
A-10210,test
A-10211,train
A-10212,train
A-10213,train
A-10214,train
A-10215,train
A-10216,train
A-10217,train
A-10218,train
A-10219,test
A-10220,train
A-10221,train
A-10222,train
A-10223,train
A-10224,train
A-10225,train
A-10226,train
A-10227,train
A-10228,train
A-10229,train
A-10230,train
A-10231,train
A-10232,validation
A-10233,validation
A-10234,train
A-10235,train
A-10236,train
A-10237,validation
A-10238,test
A-10239,train
A-10240,test
A-10241,train
A-10242,test
A-10243,train
A-10244,validation
A-10245,test
A-10246,train
A-10247,train
A-10248,train
A-10249,train
A-10250,train
A-10251,validation
A-10252,test
A-10253,test
A-10254,validation
A-10255,test
A-10256,train
A-10257,validation
A-10258,train
A-10259,validation
A-10260,test
A-10261,train
A-10262,train
A-10263,train
A-10264,train
A-10265,train
A-10266,validation
A-10267,train
A-10268,validation
A-10269,train
A-10270,train
A-10271,train
A-10272,train
A-10273,train
A-10274,train
A-10275,train
A-10276,train
A-10277,train
A-10278,train
A-10279,validation
A-10280,train
A-10281,train
A-10282,validation
A-10283,train
A-10284,test
A-10285,train
A-10286,train
A-10287,validation
A-10288,train
A-10289,train
A-10290,train
A-10291,train
A-10292,train
A-10293,validation
A-10294,test
A-10295,test
A-10296,train
A-10297,train
A-10298,train
A-10299,validation
A-10300,test
A-10301,train
A-10302,test
A-10303,train
A-10304,train
A-10305,validation
A-10306,train
A-10307,train
A-10308,train
A-10309,train
A-10310,train
A-10311,test
A-10312,test
A-10313,test
A-10314,test
A-10315,train
A-10316,train
A-10317,train
A-10318,train
A-10319,train
A-10320,train
A-10321,train
A-10322,validation
A-10323,train
A-10324,train
A-10325,train
A-10326,train
A-10327,train
A-10328,train
A-10329,train
A-10330,train
A-10331,train
A-10332,train
A-10333,test
A-10334,train
A-10335,validation
A-10336,train
A-10337,train
A-10338,train
A-10339,train
A-10340,train
A-10341,train
A-10342,train
A-10343,validation
A-10344,validation
A-10345,train
A-10346,test
A-10347,train
A-10348,train
A-10349,train
A-10350,train
A-10351,train
A-10352,train
A-10353,train
A-10354,validation
A-10355,train
A-10356,train
A-10357,test
A-10358,validation
A-10359,train
A-10360,train
A-10361,train
A-10362,train
A-10363,train
A-10364,train
A-10365,train
A-10366,train
A-10367,validation
A-10368,test
A-10369,train
A-10370,train
A-10371,validation
A-10372,train
A-10373,train
A-10374,train
A-10375,train
A-10376,train
A-10377,test
A-10378,train
A-10379,train
A-10380,train
A-10381,train
A-10382,train
A-10383,validation
A-10384,test
A-10385,train
A-10386,train
A-10387,train
A-10388,test
A-10389,train
A-10390,train
A-10391,validation
A-10392,test
A-10393,train
A-10394,train
A-10395,validation
A-10396,train
A-10397,validation
A-10398,train
A-10399,validation
A-10400,test
A-10401,train
A-10402,train
A-10403,train
A-10404,validation
A-10405,train
A-10406,train
A-10407,train
A-10408,train
A-10409,train
A-10410,validation
A-10411,train
A-10412,train
A-10413,train
A-10414,train
A-10415,train
A-10416,validation
A-10417,train
A-10418,train
A-10419,test
A-10420,train
A-10421,test
A-10422,validation
A-10423,train
A-10424,train
A-10425,train
A-10426,train
A-10427,train
A-10428,train
A-10429,train
A-10430,train
A-10431,test
A-10432,train
A-10433,train
A-10434,train
A-10435,train
A-10436,train
A-10437,train
A-10438,train
A-10439,train
A-10440,train
A-10441,train
A-10442,train
A-10443,train
A-10444,validation
A-10445,test
A-10446,validation
A-10447,train
A-10448,train
A-10449,test
A-10450,train
A-10451,train
A-10452,test
A-10453,train
A-10454,train
A-10455,train
A-10456,train
A-10457,train
A-10458,train
A-10459,train
A-10460,train
A-10461,train
A-10462,test
A-10463,train
A-10464,train
A-10465,test
A-10466,train
A-10467,train
A-10468,train
A-10469,train
A-10470,train
A-10471,train
A-10472,train
A-10473,validation
A-10474,train
A-10475,train
A-10476,train
A-10477,test
A-10478,train
A-10479,train
A-10480,train
A-10481,train
A-10482,train
A-10483,validation
A-10484,train
A-10485,train
A-10486,test
A-10487,train
A-10488,train
A-10489,validation
A-10490,train
A-10491,test
A-10492,train
A-10493,train
A-10494,validation
A-10495,train
A-10496,train
A-10497,train
A-10498,train
A-10499,train
A-10500,test
A-10501,train
A-10502,train
A-10503,train
A-10504,train
A-10505,train
A-10506,validation
A-10507,train
A-10508,train
A-10509,validation
A-10510,test
A-10511,test
A-10512,train
A-10513,train
A-10514,train
A-10515,train
A-10516,train
A-10517,test
A-10518,train
A-10519,train
A-10520,validation
A-10521,validation
A-10522,train
A-10523,train
A-10524,train
A-10525,test
A-10526,test
A-10527,train
A-10528,train
A-10529,train
A-10530,validation
A-10531,train
A-10532,train
A-10533,validation
A-10534,train
A-10535,train
A-10536,train
A-10537,train
A-10538,train
A-10539,train
A-10540,train
A-10541,train
A-10542,train
A-10543,train
A-10544,train
A-10545,train
A-10546,train
A-10547,train
A-10548,train
A-10549,train
A-10550,validation
A-10551,train
A-10552,train
A-10553,train
A-10554,test
A-10555,train
A-10556,test
A-10557,test
A-10558,train
A-10559,train
A-10560,test
A-10561,test
A-10562,test
A-10563,train
A-10564,test
A-10565,test
A-10566,train
A-10567,test
A-10568,test
A-10569,test
A-10570,train
A-10571,train
A-10572,train
A-10573,train
A-10574,train
A-10575,train
A-10576,train
A-10577,test
A-10578,train
A-10579,train
A-10580,test
A-10581,train
A-10582,train
A-10583,train
A-10584,validation
A-10585,train
A-10586,test
A-10587,test
A-10588,train
A-10589,test
A-10590,train
A-10591,train
A-10592,train
A-10593,train
A-10594,train
A-10595,train
A-10596,test
A-10597,validation
A-10598,train
A-10599,train
A-10600,train
A-10601,test
A-10602,test
A-10603,validation
A-10604,train
A-10605,test
A-10606,test
A-10607,train
A-10608,test
A-10609,validation
A-10610,train
A-10611,train
A-10612,validation
A-10613,train
A-10614,validation
A-10615,validation
A-10616,validation
A-10617,train
A-10618,train
A-10619,train
A-10620,train
A-10621,train
A-10622,train
A-10623,test
A-10624,train
A-10625,train
A-10626,train
A-10627,validation
A-10628,train
A-10629,train
A-10630,train
A-10631,train
A-10632,train
A-10633,train
A-10634,train
A-10635,train
A-10636,validation
A-10637,validation
A-10638,train
A-10639,train
A-10640,validation
A-10641,train
A-10642,train
A-10643,validation
A-10644,train
A-10645,validation
A-10646,test
A-10647,train
A-10648,train
A-10649,train
A-10650,test
A-10651,validation
A-10652,train
A-10653,train
A-10654,train
A-10655,train
A-10656,train
A-10657,validation
A-10658,train
A-10659,train
A-10660,train
A-10661,train
A-10662,train
A-10663,train
A-10664,validation
A-10665,train
A-10666,train
A-10667,test
A-10668,train
A-10669,test
A-10670,train
A-10671,train
A-10672,train
A-10673,test
A-10674,validation
A-10675,train
A-10676,test
A-10677,train
A-10678,validation
A-10679,train
A-10680,train
A-10681,train
A-10682,train
A-10683,train
A-10684,train
A-10685,validation
A-10686,validation
A-10687,test
A-10688,train
A-10689,train
A-10690,test
A-10691,train
A-10692,train
A-10693,train
A-10694,validation
A-10695,test
A-10696,test
A-10697,validation
A-10698,test
A-10699,train
A-10700,train
A-10701,train
A-10702,train
A-10703,train
A-10704,train
A-10705,test
A-10706,train
A-10707,train
A-10708,validation
A-10709,train
A-10710,train
A-10711,test
A-10712,train
A-10713,train
A-10714,train
A-10715,validation
A-10716,train
A-10717,train
A-10718,train
A-10719,test
A-10720,test
A-10721,train
A-10722,train
A-10723,train
A-10724,test
A-10725,train
A-10726,train
A-10727,train
A-10728,validation
A-10729,train
A-10730,train
A-10731,train
A-10732,validation
A-10733,train
A-10734,train
A-10735,train
A-10736,train
A-10737,train
A-10738,test
A-10739,validation
A-10740,train
A-10741,validation
A-10742,validation
A-10743,validation
A-10744,train
A-10745,train
A-10746,validation
A-10747,train
A-10748,train
A-10749,train
A-10750,train
A-10751,validation
A-10752,train
A-10753,train
A-10754,train
A-10755,validation
A-10756,test
A-10757,validation
A-10758,validation
A-10759,train
A-10760,train
A-10761,train
A-10762,train
A-10763,test
A-10764,validation
A-10765,validation
A-10766,train
A-10767,train
A-10768,train
A-10769,train
A-10770,train
A-10771,validation
A-10772,train
A-10773,train
A-10774,train
A-10775,train
A-10776,train
A-10777,test
A-10778,train
A-10779,train
A-10780,validation
A-10781,train
A-10782,train
A-10783,train
A-10784,test
A-10785,train
A-10786,train
A-10787,validation
A-10788,train
A-10789,train
A-10790,train
A-10791,train
A-10792,test
A-10793,test
A-10794,train
A-10795,train
A-10796,train
A-10797,train
A-10798,train
A-10799,train
A-10800,train
A-10801,train
A-10802,train
A-10803,train
A-10804,validation
A-10805,validation
A-10806,train
A-10807,test
A-10808,validation
A-10809,test
A-10810,train
A-10811,train
A-10812,test
A-10813,train
A-10814,train
A-10815,train
A-10816,train
A-10817,test
A-10818,validation
A-10819,train
A-10820,validation
A-10821,validation
A-10822,train
A-10823,train
A-10824,test
A-10825,validation
A-10826,train
A-10827,train
A-10828,train
A-10829,train
A-10830,train
A-10831,train
A-10832,test
A-10833,train
A-10834,test
A-10835,train
A-10836,train
A-10837,train
A-10838,train
A-10839,validation
A-10840,validation
A-10841,test
A-10842,train
A-10843,train
A-10844,test
A-10845,train
A-10846,train
A-10847,validation
A-10848,train
A-10849,train
A-10850,train
A-10851,train
A-10852,validation
A-10853,test
A-10854,train
A-10855,train
A-10856,train
A-10857,validation
A-10858,train
A-10859,train
A-10860,train
A-10861,test
A-10862,train
A-10863,train
A-10864,train
A-10865,train
A-10866,train
A-10867,train
A-10868,validation
A-10869,validation
A-10870,train
A-10871,train
A-10872,validation
A-10873,validation
A-10874,test
A-10875,train
A-10876,train
A-10877,train
A-10878,test
A-10879,train
A-10880,validation
A-10881,train
A-10882,test
A-10883,test
A-10884,train
A-10885,train
A-10886,validation
A-10887,validation
A-10888,validation
A-10889,train
A-10890,train
A-10891,train
A-10892,test
A-10893,test
A-10894,train
A-10895,train
A-10896,train
A-10897,train
A-10898,train
A-10899,train
A-10900,train
A-10901,train
A-10902,train
A-10903,train
A-10904,train
A-10905,test
A-10906,train
A-10907,train
A-10908,train
A-10909,validation
A-10910,test
A-10911,validation
A-10912,train
A-10913,validation
A-10914,train
A-10915,train
A-10916,validation
A-10917,train
A-10918,validation
A-10919,train
A-10920,train
A-10921,train
A-10922,train
A-10923,validation
A-10924,validation
A-10925,validation
A-10926,train
A-10927,train
A-10928,train
A-10929,validation
A-10930,train
A-10931,train
A-10932,train
A-10933,train
A-10934,train
A-10935,train
A-10936,test
A-10937,train
A-10938,train
A-10939,test
A-10940,train
A-10941,train
A-10942,train
A-10943,train
A-10944,test
A-10945,train
A-10946,train
A-10947,train
A-10948,validation
A-10949,train
A-10950,train
A-10951,test
A-10952,train
A-10953,validation
A-10954,train
A-10955,validation
A-10956,train
A-10957,train
A-10958,train
A-10959,train
A-10960,train
A-10961,train
A-10962,train
A-10963,train
A-10964,train
A-10965,train
A-10966,train
A-10967,train
A-10968,train
A-10969,train
A-10970,train
A-10971,train
A-10972,train
A-10973,train
A-10974,validation
A-10975,train
A-10976,train
A-10977,test
A-10978,validation
A-10979,train
A-10980,train
A-10981,test
A-10982,train
A-10983,validation
A-10984,train
A-10985,test
A-10986,validation
A-10987,train
A-10988,train
A-10989,test
A-10990,train
A-10991,validation
A-10992,train
A-10993,train
A-10994,train
A-10995,train
A-10996,train
A-10997,train
A-10998,train
A-10999,train
A-11000,train
A-11001,train
A-11002,validation
A-11003,validation
A-11004,test
A-11005,train
A-11006,train
A-11007,train
A-11008,validation
A-11009,test
A-11010,test
A-11011,test
A-11012,train
A-11013,test
A-11014,validation
A-11015,train
A-11016,validation
A-11017,train
A-11018,train
A-11019,validation
A-11020,train
A-11021,validation
A-11022,test
A-11023,train
A-11024,train
A-11025,train
A-11026,train
A-11027,train
A-11028,train
A-11029,train
A-11030,train
A-11031,train
A-11032,train
A-11033,test
A-11034,train
A-11035,test
A-11036,train
A-11037,train
A-11038,train
A-11039,train
A-11040,train
A-11041,train
A-11042,train
A-11043,test
A-11044,train
A-11045,train
A-11046,test
A-11047,train
A-11048,validation
A-11049,test
A-11050,train
A-11051,train
A-11052,train
A-11053,train
A-11054,train
A-11055,train
A-11056,train
A-11057,validation
A-11058,validation
A-11059,train
A-11060,train
A-11061,train
A-11062,train
A-11063,train
A-11064,train
A-11065,test
A-11066,validation
A-11067,train
A-11068,train
A-11069,train
A-11070,train
A-11071,train
A-11072,train
A-11073,train
A-11074,train
A-11075,train
A-11076,train
A-11077,validation
A-11078,train
A-11079,train
A-11080,train
A-11081,train
A-11082,train
A-11083,train
A-11084,train
A-11085,train
A-11086,train
A-11087,train
A-11088,validation
A-11089,train
A-11090,train
A-11091,train
A-11092,test
A-11093,test
A-11094,validation
A-11095,train
A-11096,train
A-11097,train
A-11098,train
A-11099,train
A-11100,train
A-11101,train
A-11102,validation
A-11103,train
A-11104,train
A-11105,train
A-11106,train
A-11107,train
A-11108,train
A-11109,train
A-11110,train
A-11111,train
A-11112,validation
A-11113,train
A-11114,train
A-11115,train
A-11116,train
A-11117,train
A-11118,train
A-11119,test
A-11120,validation
A-11121,train
A-11122,validation
A-11123,test
A-11124,train
A-11125,train
A-11126,train
A-11127,train
A-11128,train
A-11129,validation
A-11130,test
A-11131,train
A-11132,test
A-11133,train
A-11134,train
A-11135,train
A-11136,train
A-11137,validation
A-11138,train
A-11139,train
A-11140,train
A-11141,train
A-11142,train
A-11143,test
A-11144,train
A-11145,validation
A-11146,validation
A-11147,train
A-11148,train
A-11149,train
A-11150,train
A-11151,train
A-11152,train
A-11153,train
A-11154,train
A-11155,train
A-11156,train
A-11157,test
A-11158,test
A-11159,train
A-11160,validation
A-11161,validation
A-11162,train
A-11163,train
A-11164,train
A-11165,train
A-11166,train
A-11167,test
A-11168,train
A-11169,validation
A-11170,train
A-11171,test
A-11172,train
A-11173,test
A-11174,train
A-11175,test
A-11176,train
A-11177,train
A-11178,train
A-11179,validation
A-11180,train
A-11181,test
A-11182,test
A-11183,train
A-11184,train
A-11185,train
A-11186,train
A-11187,validation
A-11188,train
A-11189,train
A-11190,validation
A-11191,train
A-11192,train
A-11193,train
A-11194,train
A-11195,train
A-11196,train
A-11197,train
A-11198,train
A-11199,validation
A-11200,train
A-11201,train
A-11202,validation
A-11203,train
A-11204,train
A-11205,test
A-11206,train
A-11207,test
A-11208,validation
A-11209,train
A-11210,train
A-11211,train
A-11212,train
A-11213,train
A-11214,train
A-11215,train
A-11216,train
A-11217,train
A-11218,train
A-11219,train
A-11220,train
A-11221,train
A-11222,train
A-11223,train
A-11224,train
A-11225,train
A-11226,train
A-11227,test
A-11228,train
A-11229,train
A-11230,train
A-11231,train
A-11232,test
A-11233,validation
A-11234,train
A-11235,train
A-11236,train
A-11237,test
A-11238,train
A-11239,train
A-11240,validation
A-11241,test
A-11242,train
A-11243,train
A-11244,train
A-11245,test
A-11246,test
A-11247,train
A-11248,train
A-11249,train
A-11250,train
A-11251,train
A-11252,train
A-11253,train
A-11254,validation
A-11255,test
A-11256,test
A-11257,train
A-11258,test
A-11259,test
A-11260,test
A-11261,validation
A-11262,validation
A-11263,train
A-11264,test
A-11265,train
A-11266,test
A-11267,train
A-11268,train
A-11269,train
A-11270,train
A-11271,train
A-11272,train
A-11273,test
A-11274,train
A-11275,train
A-11276,train
A-11277,train
A-11278,test
A-11279,train
A-11280,train
A-11281,validation
A-11282,validation
A-11283,train
A-11284,train
A-11285,train
A-11286,train
A-11287,train
A-11288,test
A-11289,train
A-11290,train
A-11291,train
A-11292,validation
A-11293,validation
A-11294,train
A-11295,train
A-11296,train
A-11297,validation
A-11298,train
A-11299,train
A-11300,train
A-11301,train
A-11302,train
A-11303,train
A-11304,train
A-11305,train
A-11306,validation
A-11307,train
A-11308,train
A-11309,train
A-11310,train
A-11311,train
A-11312,validation
A-11313,train
A-11314,validation
A-11315,train
A-11316,train
A-11317,test
A-11318,train
A-11319,train
A-11320,validation
A-11321,test
A-11322,validation
A-11323,train
A-11324,train
A-11325,train
A-11326,train
A-11327,validation
A-11328,train
A-11329,train
A-11330,train
A-11331,train
A-11332,train
A-11333,train
A-11334,test
A-11335,train
A-11336,train
A-11337,train
A-11338,validation
A-11339,validation
A-11340,train
A-11341,train
A-11342,train
A-11343,train
A-11344,test
A-11345,train
A-11346,test
A-11347,test
A-11348,train
A-11349,train
A-11350,train
A-11351,train
A-11352,train
A-11353,train
A-11354,test
A-11355,train
A-11356,train
A-11357,train
A-11358,train
A-11359,train
A-11360,train
A-11361,test
A-11362,train
A-11363,train
A-11364,train
A-11365,train
A-11366,train
A-11367,train
A-11368,validation
A-11369,train
A-11370,train
A-11371,train
A-11372,test
A-11373,train
A-11374,train
A-11375,train
A-11376,train
A-11377,train
A-11378,train
A-11379,train
A-11380,train
A-11381,train
A-11382,test
A-11383,validation
A-11384,train
A-11385,test
A-11386,train
A-11387,train
A-11388,train
A-11389,train
A-11390,test
A-11391,train
A-11392,test
A-11393,train
A-11394,train
A-11395,test
A-11396,test
A-11397,train
A-11398,validation
A-11399,train
A-11400,train
A-11401,train
A-11402,train
A-11403,train
A-11404,train
A-11405,test
A-11406,test
A-11407,train
A-11408,train
A-11409,train
A-11410,train
A-11411,train
A-11412,train
A-11413,train
A-11414,validation
A-11415,test
A-11416,validation
A-11417,train
A-11418,train
A-11419,validation
A-11420,train
A-11421,train
A-11422,train
A-11423,train
A-11424,train
A-11425,train
A-11426,train
A-11427,validation
A-11428,train
A-11429,test
A-11430,train
A-11431,validation
A-11432,test
A-11433,train
A-11434,validation
A-11435,train
A-11436,train
A-11437,test
A-11438,test
A-11439,train
A-11440,train
A-11441,train
A-11442,train
A-11443,validation
A-11444,validation
A-11445,test
A-11446,train
A-11447,train
A-11448,train
A-11449,train
A-11450,validation
A-11451,test
A-11452,test
A-11453,train
A-11454,train
A-11455,test
A-11456,train
A-11457,validation
A-11458,train
A-11459,train
A-11460,train
A-11461,train
A-11462,test
A-11463,test
A-11464,train
A-11465,train
A-11466,test
A-11467,train
A-11468,validation
A-11469,train
A-11470,train
A-11471,test
A-11472,train
A-11473,test
A-11474,test
A-11475,train
A-11476,test
A-11477,train
A-11478,test
A-11479,validation
A-11480,train
A-11481,train
A-11482,train
A-11483,train
A-11484,validation
A-11485,train
A-11486,validation
A-11487,train
A-11488,train
A-11489,train
A-11490,train
A-11491,test
A-11492,validation
A-11493,test
A-11494,train
A-11495,train
A-11496,train
A-11497,train
A-11498,train
A-11499,train
A-11500,train
A-11501,test
A-11502,test
A-11503,test
A-11504,train
A-11505,validation
A-11506,train
A-11507,validation
A-11508,test
A-11509,train
A-11510,train
A-11511,train
A-11512,train
A-11513,train
A-11514,train
A-11515,train
A-11516,train
A-11517,validation
A-11518,train
A-11519,train
A-11520,validation
A-11521,train
A-11522,train
A-11523,train
A-11524,train
A-11525,train
A-11526,train
A-11527,validation
A-11528,train
A-11529,test
A-11530,train
A-11531,train
A-11532,train
A-11533,train
A-11534,train
A-11535,train
A-11536,train
A-11537,validation
A-11538,train
A-11539,train
A-11540,validation
A-11541,test
A-11542,validation
A-11543,train
A-11544,train
A-11545,test
A-11546,train
A-11547,train
A-11548,train
A-11549,validation
A-11550,test
A-11551,train
A-11552,train
A-11553,test
A-11554,train
A-11555,train
A-11556,train
A-11557,validation
A-11558,train
A-11559,train
A-11560,train
A-11561,validation
A-11562,train
A-11563,test
A-11564,validation
A-11565,train
A-11566,train
A-11567,train
A-11568,train
A-11569,train
A-11570,train
A-11571,train
A-11572,test
A-11573,validation
A-11574,train
A-11575,train
A-11576,validation
A-11577,train
A-11578,train
A-11579,validation
A-11580,test
A-11581,train
A-11582,test
A-11583,validation
A-11584,train
A-11585,train
A-11586,train
A-11587,test
A-11588,test
A-11589,test
A-11590,train
A-11591,train
A-11592,train
A-11593,train
A-11594,test
A-11595,train
A-11596,validation
A-11597,train
A-11598,train
A-11599,train
A-11600,train
A-11601,train
A-11602,train
A-11603,train
A-11604,test
A-11605,validation
A-11606,train
A-11607,train
A-11608,validation
A-11609,train
A-11610,train
A-11611,train
A-11612,train
A-11613,test
A-11614,train
A-11615,validation
A-11616,train
A-11617,train
A-11618,test
A-11619,train
A-11620,train
A-11621,train
A-11622,train
A-11623,test
A-11624,train
A-11625,train
A-11626,train
A-11627,train
A-11628,test
A-11629,train
A-11630,train
A-11631,train
A-11632,validation
A-11633,train
A-11634,validation
A-11635,test
A-11636,train
A-11637,train
A-11638,validation
A-11639,train
A-11640,train
A-11641,train
A-11642,train
A-11643,train
A-11644,train
A-11645,train
A-11646,train
A-11647,validation
A-11648,validation
A-11649,train
A-11650,validation
A-11651,test
A-11652,train
A-11653,train
A-11654,train
A-11655,train
A-11656,test
A-11657,train
A-11658,train
A-11659,validation
A-11660,train
A-11661,train
A-11662,validation
A-11663,train
A-11664,train
A-11665,train
A-11666,train
A-11667,train
A-11668,test
A-11669,train
A-11670,train
A-11671,train
A-11672,train
A-11673,train
A-11674,train
A-11675,test
A-11676,train
A-11677,validation
A-11678,train
A-11679,train
A-11680,train
A-11681,train
A-11682,validation
A-11683,train
A-11684,train
A-11685,train
A-11686,validation
A-11687,train
A-11688,train
A-11689,validation
A-11690,train
A-11691,train
A-11692,train
A-11693,train
A-11694,train
A-11695,train
A-11696,test
A-11697,test
A-11698,train
A-11699,train
A-11700,test
A-11701,train
A-11702,train
A-11703,train
A-11704,train
A-11705,validation
A-11706,train
A-11707,train
A-11708,train
A-11709,train
A-11710,train
A-11711,train
A-11712,train
A-11713,train
A-11714,train
A-11715,train
A-11716,train
A-11717,train
A-11718,train
A-11719,train
A-11720,train
A-11721,train
A-11722,train
A-11723,test
A-11724,validation
A-11725,validation
A-11726,train
A-11727,validation
A-11728,train
A-11729,train
A-11730,train
A-11731,train
A-11732,test
A-11733,train
A-11734,test
A-11735,train
A-11736,train
A-11737,train
A-11738,validation
A-11739,train
A-11740,train
A-11741,train
A-11742,test
A-11743,train
A-11744,train
A-11745,train
A-11746,train
A-11747,train
A-11748,test
A-11749,train
A-11750,train
A-11751,train
A-11752,train
A-11753,train
A-11754,test
A-11755,train
A-11756,train
A-11757,train
A-11758,train
A-11759,validation
A-11760,train
A-11761,train
A-11762,train
A-11763,train
A-11764,train
A-11765,train
A-11766,test
A-11767,train
A-11768,train
A-11769,test
A-11770,train
A-11771,train
A-11772,validation
A-11773,train
A-11774,train
A-11775,train
A-11776,train
A-11777,train
A-11778,test
A-11779,train
A-11780,train
A-11781,train
A-11782,train
A-11783,train
A-11784,train
A-11785,train
A-11786,train
A-11787,train
A-11788,train
A-11789,train
A-11790,train
A-11791,train
A-11792,train
A-11793,train
A-11794,validation
A-11795,train
A-11796,train
A-11797,validation
A-11798,validation
A-11799,test
A-11800,train
A-11801,train
A-11802,train
A-11803,train
A-11804,train
A-11805,test
A-11806,test
A-11807,train
A-11808,test
A-11809,train
A-11810,train
A-11811,train
A-11812,validation
A-11813,train
A-11814,train
A-11815,train
A-11816,validation
A-11817,test
A-11818,validation
A-11819,validation
A-11820,test
A-11821,test
A-11822,test
A-11823,test
A-11824,test
A-11825,train
A-11826,train
A-11827,train
A-11828,train
A-11829,test
A-11830,train
A-11831,validation
A-11832,train
A-11833,train
A-11834,train
A-11835,validation
A-11836,test
A-11837,test
A-11838,train
A-11839,train
A-11840,train
A-11841,train
A-11842,test
A-11843,train
A-11844,validation
A-11845,train
A-11846,validation
A-11847,train
A-11848,test
A-11849,train
A-11850,train
A-11851,train
A-11852,train
A-11853,train
A-11854,train
A-11855,train
A-11856,train
A-11857,validation
A-11858,train
A-11859,train
A-11860,validation
A-11861,train
A-11862,train
A-11863,test
A-11864,train
A-11865,validation
A-11866,train
A-11867,test
A-11868,train
A-11869,train
A-11870,train
A-11871,train
A-11872,validation
A-11873,train
A-11874,validation
A-11875,train
A-11876,train
A-11877,train
A-11878,train
A-11879,test
A-11880,train
A-11881,train
A-11882,test
A-11883,train
A-11884,test
A-11885,train
A-11886,train
A-11887,train
A-11888,train
A-11889,train
A-11890,test
A-11891,train
A-11892,train
A-11893,validation
A-11894,validation
A-11895,train
A-11896,validation
A-11897,test
A-11898,train
A-11899,test
A-11900,train
A-11901,train
A-11902,train
A-11903,train
A-11904,train
A-11905,train
A-11906,test
A-11907,train
A-11908,train
A-11909,validation
A-11910,train
A-11911,test
A-11912,test
A-11913,validation
A-11914,validation
A-11915,validation
A-11916,train
A-11917,train
A-11918,test
A-11919,validation
A-11920,train
A-11921,validation
A-11922,test
A-11923,validation
A-11924,train
A-11925,train
A-11926,train
A-11927,train
A-11928,train
A-11929,validation
A-11930,train
A-11931,train
A-11932,train
A-11933,test
A-11934,train
A-11935,validation
A-11936,train
A-11937,train
A-11938,train
A-11939,train
A-11940,train
A-11941,test
A-11942,validation
A-11943,test
A-11944,train
A-11945,train
A-11946,train
A-11947,train
A-11948,train
A-11949,train
A-11950,train
A-11951,train
A-11952,train
A-11953,validation
A-11954,validation
A-11955,validation
A-11956,test
A-11957,train
A-11958,train
A-11959,train
A-11960,train
A-11961,train
A-11962,train
A-11963,validation
A-11964,train
A-11965,train
A-11966,train
A-11967,train
A-11968,test
A-11969,train
A-11970,train
A-11971,train
A-11972,test
A-11973,train
A-11974,validation
A-11975,train
A-11976,test
A-11977,train
A-11978,train
A-11979,train
A-11980,train
A-11981,train
A-11982,train
A-11983,train
A-11984,train
A-11985,train
A-11986,train
A-11987,train
A-11988,train
A-11989,train
A-11990,test
A-11991,test
A-11992,test
A-11993,test
A-11994,validation
A-11995,validation
A-11996,train
A-11997,test
A-11998,test
A-11999,train
A-12000,train
A-12001,train
A-12002,validation
A-12003,train
A-12004,train
A-12005,test
A-12006,train
A-12007,train
A-12008,train
A-12009,train
A-12010,validation
A-12011,train
A-12012,train
A-12013,train
A-12014,validation
A-12015,train
A-12016,validation
A-12017,train
A-12018,train
A-12019,train
A-12020,train
A-12021,train
A-12022,train
A-12023,train
A-12024,train
A-12025,train
A-12026,train
A-12027,train
A-12028,train
A-12029,train
A-12030,train
A-12031,train
A-12032,test
A-12033,train
A-12034,train
A-12035,train
A-12036,train
A-12037,train
A-12038,validation
A-12039,train
A-12040,train
A-12041,train
A-12042,test
A-12043,train
A-12044,train
A-12045,train
A-12046,test
A-12047,validation
A-12048,test
A-12049,train
A-12050,train
A-12051,train
A-12052,validation
A-12053,validation
A-12054,train
A-12055,validation
A-12056,train
A-12057,train
A-12058,validation
A-12059,validation
A-12060,validation
A-12061,test
A-12062,train
A-12063,test
A-12064,train
A-12065,train
A-12066,train
A-12067,train
A-12068,validation
A-12069,train
A-12070,train
A-12071,validation
A-12072,train
A-12073,train
A-12074,test
A-12075,train
A-12076,train
A-12077,train
A-12078,train
A-12079,train
A-12080,train
A-12081,train
A-12082,train
A-12083,validation
A-12084,train
A-12085,train
A-12086,train
A-12087,train
A-12088,train
A-12089,train
A-12090,train
A-12091,train
A-12092,test
A-12093,test
A-12094,validation
A-12095,train
A-12096,test
A-12097,test
A-12098,train
A-12099,test
A-12100,train
A-12101,train
A-12102,train
A-12103,train
A-12104,train
A-12105,train
A-12106,train
A-12107,train
A-12108,train
A-12109,test
A-12110,train
A-12111,train
A-12112,train
A-12113,validation
A-12114,train
A-12115,test
A-12116,validation
A-12117,validation
A-12118,train
A-12119,train
A-12120,validation
A-12121,train
A-12122,train
A-12123,validation
A-12124,train
A-12125,train
A-12126,train
A-12127,train
A-12128,train
A-12129,train
A-12130,train
A-12131,train
A-12132,train
A-12133,train
A-12134,test
A-12135,validation
A-12136,test
A-12137,train
A-12138,train
A-12139,train
A-12140,train
A-12141,train
A-12142,train
A-12143,test
A-12144,train
A-12145,train
A-12146,train
A-12147,train
A-12148,train
A-12149,train
A-12150,validation
A-12151,validation
A-12152,train
A-12153,train
A-12154,train
A-12155,test
A-12156,train
A-12157,validation
A-12158,validation
A-12159,train
A-12160,train
A-12161,train
A-12162,train
A-12163,validation
A-12164,train
A-12165,train
A-12166,test
A-12167,validation
A-12168,validation
A-12169,train
A-12170,train
A-12171,train
A-12172,train
A-12173,train
A-12174,train
A-12175,train
A-12176,validation
A-12177,train
A-12178,train
A-12179,train
A-12180,train
A-12181,train
A-12182,train
A-12183,train
A-12184,train
A-12185,train
A-12186,train
A-12187,test
A-12188,train
A-12189,train
A-12190,train
A-12191,train
A-12192,train
A-12193,validation
A-12194,train
A-12195,validation
A-12196,train
A-12197,train
A-12198,validation
A-12199,train
A-12200,validation
A-12201,train
A-12202,train
A-12203,validation
A-12204,train
A-12205,train
A-12206,train
A-12207,train
A-12208,train
A-12209,train
A-12210,train
A-12211,train
A-12212,train
A-12213,train
A-12214,test
A-12215,test
A-12216,train
A-12217,train
A-12218,validation
A-12219,train
A-12220,train
A-12221,train
A-12222,validation
A-12223,train
A-12224,validation
A-12225,train
A-12226,train
A-12227,validation
A-12228,validation
A-12229,train
A-12230,train
A-12231,test
A-12232,train
A-12233,train
A-12234,train
A-12235,train
A-12236,train
A-12237,train
A-12238,train
A-12239,train
A-12240,train
A-12241,train
A-12242,train
A-12243,train
A-12244,train
A-12245,validation
A-12246,train
A-12247,train
A-12248,train
A-12249,train
A-12250,validation
A-12251,train
A-12252,test
A-12253,train
A-12254,train
A-12255,validation
A-12256,test
A-12257,train
A-12258,test
A-12259,train
A-12260,validation
A-12261,train
A-12262,train
A-12263,validation
A-12264,validation
A-12265,train
A-12266,train
A-12267,validation
A-12268,train
A-12269,train
A-12270,validation
A-12271,validation
A-12272,test
A-12273,train
A-12274,test
A-12275,train
A-12276,train
A-12277,train
A-12278,train
A-12279,train
A-12280,train
A-12281,test
A-12282,train
A-12283,train
A-12284,train
A-12285,train
A-12286,train
A-12287,train
A-12288,train
A-12289,train
A-12290,train
A-12291,test
A-12292,train
A-12293,validation
A-12294,test
A-12295,train
A-12296,train
A-12297,train
A-12298,validation
A-12299,train
A-12300,train
A-12301,train
A-12302,train
A-12303,validation
A-12304,train
A-12305,train
A-12306,train
A-12307,train
A-12308,train
A-12309,train
A-12310,train
A-12311,train
A-12312,train
A-12313,train
A-12314,validation
A-12315,test
A-12316,train
A-12317,train
A-12318,train
A-12319,train
A-12320,train
A-12321,train
A-12322,test
A-12323,train
A-12324,test
A-12325,train
A-12326,train
A-12327,train
A-12328,validation
A-12329,train
A-12330,train
A-12331,train
A-12332,train
A-12333,train
A-12334,train
A-12335,train
A-12336,train
A-12337,train
A-12338,test
A-12339,train
A-12340,train
A-12341,validation
A-12342,train
A-12343,train
A-12344,train
A-12345,train
A-12346,validation
A-12347,train
A-12348,train
A-12349,train
A-12350,train
A-12351,train
A-12352,train
A-12353,test
A-12354,train
A-12355,train
A-12356,train
A-12357,train
A-12358,train
A-12359,train
A-12360,train
A-12361,validation
A-12362,validation
A-12363,train
A-12364,train
A-12365,train
A-12366,train
A-12367,train
A-12368,train
A-12369,train
A-12370,train
A-12371,train
A-12372,train
A-12373,train
A-12374,train
A-12375,train
A-12376,train
A-12377,test
A-12378,validation
A-12379,validation
A-12380,test
A-12381,validation
A-12382,train
A-12383,train
A-12384,train
A-12385,train
A-12386,train
A-12387,train
A-12388,train
A-12389,train
A-12390,validation
A-12391,train
A-12392,validation
A-12393,train
A-12394,test
A-12395,train
A-12396,validation
A-12397,validation
A-12398,train
A-12399,test
A-12400,train
A-12401,train
A-12402,train
A-12403,train
A-12404,train
A-12405,train
A-12406,test
A-12407,train
A-12408,train
A-12409,validation
A-12410,test
A-12411,test
A-12412,train
A-12413,test
A-12414,train
A-12415,test
A-12416,train
A-12417,train
A-12418,train
A-12419,train
A-12420,train
A-12421,train
A-12422,train
A-12423,train
A-12424,train
A-12425,train
A-12426,train
A-12427,train
A-12428,train
A-12429,train
A-12430,validation
A-12431,train
A-12432,train
A-12433,test
A-12434,train
A-12435,test
A-12436,validation
A-12437,train
A-12438,validation
A-12439,train
A-12440,train
A-12441,test
A-12442,train
A-12443,train
A-12444,train
A-12445,validation
A-12446,train
A-12447,validation
A-12448,test
A-12449,validation
A-12450,test
A-12451,train
A-12452,train
A-12453,validation
A-12454,train
A-12455,test
A-12456,train
A-12457,train
A-12458,train
A-12459,validation
A-12460,train
A-12461,train
A-12462,train
A-12463,train
A-12464,train
A-12465,test
A-12466,train
A-12467,train
A-12468,test
A-12469,train
A-12470,train
A-12471,test
A-12472,train
A-12473,train
A-12474,train
A-12475,train
A-12476,train
A-12477,test
A-12478,validation
A-12479,validation
A-12480,train
A-12481,train
A-12482,train
A-12483,train
A-12484,train
A-12485,train
A-12486,train
A-12487,train
A-12488,train
A-12489,train
A-12490,test
A-12491,train
A-12492,train
A-12493,train
A-12494,train
A-12495,test
A-12496,train
A-12497,train
A-12498,train
A-12499,test
A-12500,train
A-12501,train
A-12502,test
A-12503,validation
A-12504,train
A-12505,train
A-12506,train
A-12507,test
A-12508,validation
A-12509,validation
A-12510,train
A-12511,train
A-12512,train
A-12513,validation
A-12514,train
A-12515,validation
A-12516,train
A-12517,train
A-12518,train
A-12519,train
A-12520,validation
A-12521,train
A-12522,validation
A-12523,train
A-12524,train
A-12525,train
A-12526,test
A-12527,train
A-12528,train
A-12529,test
A-12530,test
A-12531,train
A-12532,train
A-12533,train
A-12534,train
A-12535,test
A-12536,train
A-12537,train
A-12538,train
A-12539,train
A-12540,test
A-12541,train
A-12542,train
A-12543,train
A-12544,train
A-12545,train
A-12546,test
A-12547,validation
A-12548,train
A-12549,train
A-12550,test
A-12551,train
A-12552,train
A-12553,train
A-12554,validation
A-12555,test
A-12556,validation
A-12557,train
A-12558,train
A-12559,train
A-12560,train
A-12561,train
A-12562,train
A-12563,validation
A-12564,validation
A-12565,train
A-12566,test
A-12567,train
A-12568,train
A-12569,train
A-12570,train
A-12571,test
A-12572,train
A-12573,train
A-12574,validation
A-12575,train
A-12576,validation
A-12577,train
A-12578,train
A-12579,test
A-12580,train
A-12581,validation
A-12582,train
A-12583,test
A-12584,train
A-12585,train
A-12586,test
A-12587,validation
A-12588,train
A-12589,validation
A-12590,train
A-12591,train
A-12592,train
A-12593,train
A-12594,train
A-12595,validation
A-12596,train
A-12597,train
A-12598,train
A-12599,test
A-12600,train
A-12601,train
A-12602,train
A-12603,train
A-12604,train
A-12605,train
A-12606,train
A-12607,test
A-12608,train
A-12609,test
A-12610,validation
A-12611,train
A-12612,train
A-12613,train
A-12614,train
A-12615,train
A-12616,train
A-12617,train
A-12618,train
A-12619,validation
A-12620,validation
A-12621,train
A-12622,train
A-12623,train
A-12624,train
A-12625,train
A-12626,train
A-12627,train
A-12628,train
A-12629,train
A-12630,validation
A-12631,test
A-12632,train
A-12633,test
A-12634,train
A-12635,test
A-12636,validation
A-12637,train
A-12638,train
A-12639,validation
A-12640,test
A-12641,validation
A-12642,train
A-12643,train
A-12644,train
A-12645,train
A-12646,train
A-12647,test
A-12648,train
A-12649,train
A-12650,test
A-12651,train
A-12652,validation
A-12653,train
A-12654,train
A-12655,train
A-12656,test
A-12657,validation
A-12658,train
A-12659,test
A-12660,validation
A-12661,test
A-12662,train
A-12663,train
A-12664,test
A-12665,train
A-12666,train
A-12667,train
A-12668,test
A-12669,test
A-12670,test
A-12671,train
A-12672,train
A-12673,train
A-12674,test
A-12675,validation
A-12676,test
A-12677,train
A-12678,train
A-12679,train
A-12680,test
A-12681,train
A-12682,validation
A-12683,validation
A-12684,train
A-12685,test
A-12686,train
A-12687,test
A-12688,train
A-12689,train
A-12690,train
A-12691,train
A-12692,train
A-12693,train
A-12694,train
A-12695,train
A-12696,train
A-12697,train
A-12698,train
A-12699,train
A-12700,train
A-12701,test
A-12702,train
A-12703,validation
A-12704,train
A-12705,test
A-12706,train
A-12707,train
A-12708,train
A-12709,validation
A-12710,test
A-12711,validation
A-12712,train
A-12713,train
A-12714,train
A-12715,train
A-12716,train
A-12717,train
A-12718,train
A-12719,test
A-12720,train
A-12721,train
A-12722,train
A-12723,train
A-12724,train
A-12725,test
A-12726,test
A-12727,train
A-12728,test
A-12729,validation
A-12730,test
A-12731,train
A-12732,train
A-12733,train
A-12734,validation
A-12735,train
A-12736,train
A-12737,train
A-12738,train
A-12739,train
A-12740,test
A-12741,test
A-12742,train
A-12743,test
A-12744,validation
A-12745,train
A-12746,validation
A-12747,train
A-12748,train
A-12749,train
A-12750,train
A-12751,train
A-12752,train
A-12753,train
A-12754,train
A-12755,train
A-12756,validation
A-12757,train
A-12758,validation
A-12759,train
A-12760,test
A-12761,train
A-12762,train
A-12763,validation
A-12764,train
A-12765,train
A-12766,test
A-12767,train
A-12768,train
A-12769,train
A-12770,train
A-12771,train
A-12772,train
A-12773,train
A-12774,test
A-12775,train
A-12776,train
A-12777,train
A-12778,train
A-12779,train
A-12780,train
A-12781,train
A-12782,train
A-12783,validation
A-12784,train
A-12785,train
A-12786,test
A-12787,train
A-12788,train
A-12789,train
A-12790,train
A-12791,test
A-12792,validation
A-12793,train
A-12794,train
A-12795,validation
A-12796,train
A-12797,test
A-12798,validation
A-12799,validation
A-12800,train
A-12801,validation
A-12802,train
A-12803,train
A-12804,test
A-12805,train
A-12806,test
A-12807,train
A-12808,validation
A-12809,train
A-12810,train
A-12811,train
A-12812,train
A-12813,train
A-12814,train
A-12815,train
A-12816,train
A-12817,train
A-12818,validation
A-12819,train
A-12820,test
A-12821,test
A-12822,validation
A-12823,train
A-12824,train
A-12825,train
A-12826,test
A-12827,train
A-12828,train
A-12829,train
A-12830,train
A-12831,test
A-12832,train
A-12833,train
A-12834,train
A-12835,train
A-12836,test
A-12837,train
A-12838,train
A-12839,train
A-12840,test
A-12841,train
A-12842,train
A-12843,train
A-12844,test
A-12845,train
A-12846,validation
A-12847,train
A-12848,train
A-12849,train
A-12850,train
A-12851,train
A-12852,test
A-12853,train
A-12854,test
A-12855,validation
A-12856,train
A-12857,train
A-12858,train
A-12859,train
A-12860,train
A-12861,train
A-12862,train
A-12863,train
A-12864,test
A-12865,train
A-12866,train
A-12867,train
A-12868,train
A-12869,train
A-12870,train
A-12871,test
A-12872,train
A-12873,validation
A-12874,train
A-12875,train
A-12876,train
A-12877,train
A-12878,train
A-12879,train
A-12880,validation
A-12881,train
A-12882,train
A-12883,train
A-12884,validation
A-12885,validation
A-12886,test
A-12887,validation
A-12888,train
A-12889,train
A-12890,test
A-12891,train
A-12892,train
A-12893,train
A-12894,train
A-12895,train
A-12896,test
A-12897,train
A-12898,train
A-12899,train
A-12900,test
A-12901,train
A-12902,train
A-12903,train
A-12904,train
A-12905,train
A-12906,train
A-12907,test
A-12908,train
A-12909,train
A-12910,validation
A-12911,train
A-12912,train
A-12913,train
A-12914,train
A-12915,train
A-12916,train
A-12917,train
A-12918,test
A-12919,train
A-12920,train
A-12921,train
A-12922,train
A-12923,train
A-12924,train
A-12925,train
A-12926,train
A-12927,train
A-12928,train
A-12929,train
A-12930,train
A-12931,validation
A-12932,train
A-12933,train
A-12934,train
A-12935,test
A-12936,train
A-12937,train
A-12938,validation
A-12939,train
A-12940,train
A-12941,train
A-12942,train
A-12943,test
A-12944,train
A-12945,train
A-12946,train
A-12947,train
A-12948,validation
A-12949,train
A-12950,train
A-12951,train
A-12952,train
A-12953,train
A-12954,train
A-12955,test
A-12956,validation
A-12957,validation
A-12958,train
A-12959,train
A-12960,train
A-12961,test
A-12962,train
A-12963,train
A-12964,train
A-12965,train
A-12966,validation
A-12967,train
A-12968,train
A-12969,train
A-12970,test
A-12971,train
A-12972,train
A-12973,train
A-12974,validation
A-12975,train
A-12976,train
A-12977,test
A-12978,train
A-12979,train
A-12980,train
A-12981,train
A-12982,train
A-12983,train
A-12984,train
A-12985,train
A-12986,train
A-12987,train
A-12988,train
A-12989,validation
A-12990,validation
A-12991,train
A-12992,validation
A-12993,train
A-12994,train
A-12995,validation
A-12996,train
A-12997,train
A-12998,train
A-12999,train
A-13000,train
A-13001,train
A-13002,train
A-13003,train
A-13004,train
A-13005,train
A-13006,validation
A-13007,train
A-13008,test
A-13009,train
A-13010,train
A-13011,train
A-13012,test
A-13013,train
A-13014,train
A-13015,train
A-13016,train
A-13017,validation
A-13018,train
A-13019,train
A-13020,train
A-13021,train
A-13022,validation
A-13023,train
A-13024,train
A-13025,train
A-13026,test
A-13027,train
A-13028,train
A-13029,train
A-13030,train
A-13031,validation
A-13032,test
A-13033,train
A-13034,test
A-13035,train
A-13036,validation
A-13037,test
A-13038,train
A-13039,train
A-13040,train
A-13041,train
A-13042,test
A-13043,validation
A-13044,train
A-13045,train
A-13046,train
A-13047,train
A-13048,train
A-13049,validation
A-13050,validation
A-13051,validation
A-13052,train
A-13053,validation
A-13054,train
A-13055,train
A-13056,train
A-13057,train
A-13058,validation
A-13059,test
A-13060,validation
A-13061,validation
A-13062,train
A-13063,validation
A-13064,validation
A-13065,test
A-13066,train
A-13067,train
A-13068,train
A-13069,train
A-13070,train
A-13071,train
A-13072,train
A-13073,test
A-13074,train
A-13075,train
A-13076,test
A-13077,test
A-13078,train
A-13079,train
A-13080,train
A-13081,train
A-13082,train
A-13083,train
A-13084,train
A-13085,test
A-13086,train
A-13087,train
A-13088,test
A-13089,train
A-13090,test
A-13091,train
A-13092,train
A-13093,test
A-13094,train
A-13095,test
A-13096,train
A-13097,train
A-13098,test
A-13099,validation
A-13100,validation
A-13101,train
A-13102,train
A-13103,train
A-13104,test
A-13105,validation
A-13106,test
A-13107,validation
A-13108,train
A-13109,test
A-13110,train
A-13111,validation
A-13112,validation
A-13113,test
A-13114,train
A-13115,train
A-13116,validation
A-13117,train
A-13118,validation
A-13119,test
A-13120,validation
A-13121,train
A-13122,validation
A-13123,train
A-13124,train
A-13125,train
A-13126,train
A-13127,validation
A-13128,train
A-13129,test
A-13130,train
A-13131,train
A-13132,train
A-13133,train
A-13134,validation
A-13135,train
A-13136,validation
A-13137,train
A-13138,train
A-13139,train
A-13140,train
A-13141,train
A-13142,train
A-13143,train
A-13144,train
A-13145,train
A-13146,validation
A-13147,train
A-13148,train
A-13149,train
A-13150,test
A-13151,train
A-13152,test
A-13153,validation
A-13154,train
A-13155,validation
A-13156,train
A-13157,train
A-13158,train
A-13159,test
A-13160,train
A-13161,test
A-13162,train
A-13163,train
A-13164,train
A-13165,train
A-13166,train
A-13167,test
A-13168,train
A-13169,train
A-13170,train
A-13171,validation
A-13172,train
A-13173,train
A-13174,train
A-13175,train
A-13176,train
A-13177,test
A-13178,validation
A-13179,validation
A-13180,train
A-13181,train
A-13182,validation
A-13183,test
A-13184,train
A-13185,train
A-13186,test
A-13187,train
A-13188,train
A-13189,train
A-13190,train
A-13191,train
A-13192,train
A-13193,validation
A-13194,validation
A-13195,train
A-13196,train
A-13197,test
A-13198,validation
A-13199,train
A-13200,train
A-13201,train
A-13202,validation
A-13203,test
A-13204,train
A-13205,train
A-13206,train
A-13207,train
A-13208,validation
A-13209,train
A-13210,validation
A-13211,train
A-13212,train
A-13213,train
A-13214,train
A-13215,validation
A-13216,train
A-13217,train
A-13218,test
A-13219,validation
A-13220,validation
A-13221,train
A-13222,train
A-13223,test
A-13224,train
A-13225,validation
A-13226,validation
A-13227,train
A-13228,train
A-13229,train
A-13230,train
A-13231,train
A-13232,train
A-13233,train
A-13234,train
A-13235,train
A-13236,train
A-13237,validation
A-13238,validation
A-13239,test
A-13240,test
A-13241,test
A-13242,train
A-13243,train
A-13244,validation
A-13245,train
A-13246,train
A-13247,train
A-13248,train
A-13249,train
A-13250,train
A-13251,train
A-13252,test
A-13253,validation
A-13254,train
A-13255,train
A-13256,train
A-13257,train
A-13258,train
A-13259,test
A-13260,train
A-13261,validation
A-13262,train
A-13263,test
A-13264,test
A-13265,train
A-13266,test
A-13267,train
A-13268,train
A-13269,train
A-13270,test
A-13271,train
A-13272,validation
A-13273,validation
A-13274,test
A-13275,train
A-13276,test
A-13277,validation
A-13278,train
A-13279,train
A-13280,train
A-13281,train
A-13282,test
A-13283,train
A-13284,test
A-13285,train
A-13286,train
A-13287,train
A-13288,train
A-13289,train
A-13290,train
A-13291,train
A-13292,validation
A-13293,train
A-13294,train
A-13295,train
A-13296,train
A-13297,validation
A-13298,train
A-13299,train
A-13300,train
A-13301,train
A-13302,train
A-13303,validation
A-13304,train
A-13305,validation
A-13306,train
A-13307,train
A-13308,train
A-13309,train
A-13310,train
A-13311,train
A-13312,train
A-13313,train
A-13314,validation
A-13315,validation
A-13316,test
A-13317,test
A-13318,train
A-13319,test
A-13320,train
A-13321,train
A-13322,train
A-13323,train
A-13324,train
A-13325,train
A-13326,validation
A-13327,test
A-13328,train
A-13329,train
A-13330,test
A-13331,train
A-13332,train
A-13333,train
A-13334,train
A-13335,train
A-13336,validation
A-13337,train
A-13338,train
A-13339,train
A-13340,train
A-13341,train
A-13342,train
A-13343,train
A-13344,train
A-13345,train
A-13346,train
A-13347,test
A-13348,train
A-13349,validation
A-13350,train
A-13351,train
A-13352,test
A-13353,test
A-13354,train
A-13355,train
A-13356,train
A-13357,train
A-13358,train
A-13359,train
A-13360,test
A-13361,train
A-13362,train
A-13363,test
A-13364,train
A-13365,test
A-13366,validation
A-13367,validation
A-13368,train
A-13369,train
A-13370,train
A-13371,test
A-13372,train
A-13373,validation
A-13374,validation
A-13375,train
A-13376,train
A-13377,validation
A-13378,test
A-13379,train
A-13380,train
A-13381,train
A-13382,train
A-13383,train
A-13384,train
A-13385,train
A-13386,validation
A-13387,train
A-13388,validation
A-13389,train
A-13390,test
A-13391,train
A-13392,validation
A-13393,test
A-13394,test
A-13395,validation
A-13396,test
A-13397,test
A-13398,test
A-13399,train
A-13400,train
A-13401,train
A-13402,train
A-13403,train
A-13404,train
A-13405,train
A-13406,train
A-13407,validation
A-13408,train
A-13409,train
A-13410,validation
A-13411,validation
A-13412,train
A-13413,validation
A-13414,train
A-13415,train
A-13416,train
A-13417,train
A-13418,train
A-13419,train
A-13420,train
A-13421,train
A-13422,train
A-13423,train
A-13424,train
A-13425,test
A-13426,validation
A-13427,train
A-13428,train
A-13429,validation
A-13430,train
A-13431,train
A-13432,test
A-13433,train
A-13434,train
A-13435,validation
A-13436,train
A-13437,train
A-13438,train
A-13439,train
A-13440,train
A-13441,validation
A-13442,train
A-13443,train
A-13444,test
A-13445,train
A-13446,validation
A-13447,train
A-13448,test
A-13449,test
A-13450,validation
A-13451,test
A-13452,train
A-13453,train
A-13454,validation
A-13455,train
A-13456,train
A-13457,train
A-13458,train
A-13459,train
A-13460,train
A-13461,test
A-13462,train
A-13463,train
A-13464,validation
A-13465,train
A-13466,train
A-13467,train
A-13468,train
A-13469,validation
A-13470,validation
A-13471,test
A-13472,train
A-13473,train
A-13474,train
A-13475,train
A-13476,test
A-13477,train
A-13478,train
A-13479,validation
A-13480,train
A-13481,train
A-13482,train
A-13483,train
A-13484,validation
A-13485,test
A-13486,train
A-13487,validation
A-13488,test
A-13489,train
A-13490,train
A-13491,validation
A-13492,train
A-13493,train
A-13494,train
A-13495,test
A-13496,train
A-13497,train
A-13498,validation
A-13499,train
A-13500,train
A-13501,test
A-13502,train
A-13503,train
A-13504,validation
A-13505,train
A-13506,train
A-13507,train
A-13508,train
A-13509,train
A-13510,train
A-13511,test
A-13512,test
A-13513,test
A-13514,test
A-13515,train
A-13516,train
A-13517,train
A-13518,test
A-13519,validation
A-13520,validation
A-13521,train
A-13522,test
A-13523,validation
A-13524,train
A-13525,train
A-13526,train
A-13527,train
A-13528,train
A-13529,train
A-13530,test
A-13531,test
A-13532,test
A-13533,train
A-13534,train
A-13535,train
A-13536,train
A-13537,train
A-13538,train
A-13539,validation
A-13540,test
A-13541,train
A-13542,train
A-13543,test
A-13544,train
A-13545,test
A-13546,train
A-13547,train
A-13548,train
A-13549,train
A-13550,train
A-13551,test
A-13552,train
A-13553,validation
A-13554,train
A-13555,train
A-13556,train
A-13557,train
A-13558,test
A-13559,train
A-13560,train
A-13561,train
A-13562,train
A-13563,validation
A-13564,train
A-13565,train
A-13566,test
A-13567,train
A-13568,train
A-13569,train
A-13570,validation
A-13571,train
A-13572,train
A-13573,train
A-13574,train
A-13575,train
A-13576,train
A-13577,train
A-13578,train
A-13579,validation
A-13580,train
A-13581,test
A-13582,validation
A-13583,train
A-13584,train
A-13585,train
A-13586,train
A-13587,train
A-13588,validation
A-13589,train
A-13590,train
A-13591,train
A-13592,train
A-13593,validation
A-13594,train
A-13595,train
A-13596,validation
A-13597,test
A-13598,train
A-13599,train
A-13600,train
A-13601,test
A-13602,train
A-13603,train
A-13604,train
A-13605,test
A-13606,train
A-13607,train
A-13608,train
A-13609,train
A-13610,test
A-13611,train
A-13612,train
A-13613,train
A-13614,train
A-13615,train
A-13616,train
A-13617,train
A-13618,train
A-13619,train
A-13620,train
A-13621,train
A-13622,train
A-13623,train
A-13624,validation
A-13625,test
A-13626,train
A-13627,train
A-13628,train
A-13629,train
A-13630,train
A-13631,train
A-13632,train
A-13633,train
A-13634,train
A-13635,train
A-13636,train
A-13637,validation
A-13638,test
A-13639,train
A-13640,train
A-13641,train
A-13642,train
A-13643,train
A-13644,train
A-13645,train
A-13646,train
A-13647,train
A-13648,train
A-13649,train
A-13650,train
A-13651,test
A-13652,train
A-13653,train
A-13654,train
A-13655,train
A-13656,train
A-13657,train
A-13658,test
A-13659,train
A-13660,train
A-13661,train
A-13662,train
A-13663,train
A-13664,test
A-13665,train
A-13666,test
A-13667,train
A-13668,train
A-13669,train
A-13670,train
A-13671,train
A-13672,train
A-13673,train
A-13674,train
A-13675,train
A-13676,train
A-13677,train
A-13678,train
A-13679,train
A-13680,train
A-13681,train
A-13682,validation
A-13683,train
A-13684,validation
A-13685,train
A-13686,train
A-13687,train
A-13688,train
A-13689,validation
A-13690,train
A-13691,train
A-13692,train
A-13693,train
A-13694,test
A-13695,train
A-13696,train
A-13697,test
A-13698,train
A-13699,test
A-13700,train
A-13701,train
A-13702,validation
A-13703,test
A-13704,validation
A-13705,train
A-13706,train
A-13707,train
A-13708,train
A-13709,train
A-13710,train
A-13711,train
A-13712,train
A-13713,validation
A-13714,train
A-13715,train
A-13716,train
A-13717,train
A-13718,test
A-13719,train
A-13720,train
A-13721,train
A-13722,train
A-13723,train
A-13724,train
A-13725,test
A-13726,train
A-13727,train
A-13728,train
A-13729,train
A-13730,train
A-13731,train
A-13732,train
A-13733,train
A-13734,train
A-13735,train
A-13736,train
A-13737,validation
A-13738,train
A-13739,train
A-13740,test
A-13741,train
A-13742,train
A-13743,train
A-13744,test
A-13745,train
A-13746,test
A-13747,train
A-13748,train
A-13749,test
A-13750,test
A-13751,validation
A-13752,train
A-13753,test
A-13754,validation
A-13755,validation
A-13756,validation
A-13757,train
A-13758,train
A-13759,validation
A-13760,validation
A-13761,test
A-13762,train
A-13763,train
A-13764,train
A-13765,train
A-13766,train
A-13767,train
A-13768,train
A-13769,test
A-13770,train
A-13771,validation
A-13772,validation
A-13773,train
A-13774,train
A-13775,test
A-13776,train
A-13777,train
A-13778,train
A-13779,test
A-13780,test
A-13781,train
A-13782,train
A-13783,validation
A-13784,train
A-13785,train
A-13786,train
A-13787,train
A-13788,validation
A-13789,train
A-13790,validation
A-13791,train
A-13792,train
A-13793,train
A-13794,train
A-13795,validation
A-13796,train
A-13797,train
A-13798,train
A-13799,train
A-13800,train
A-13801,validation
A-13802,test
A-13803,train
A-13804,train
A-13805,train
A-13806,train
A-13807,validation
A-13808,train
A-13809,test
A-13810,train
A-13811,test
A-13812,train
A-13813,test
A-13814,validation
A-13815,validation
A-13816,validation
A-13817,train
A-13818,train
A-13819,test
A-13820,train
A-13821,train
A-13822,train
A-13823,train
A-13824,validation
A-13825,train
A-13826,train
A-13827,test
A-13828,validation
A-13829,test
A-13830,test
A-13831,validation
A-13832,test
A-13833,test
A-13834,test
A-13835,train
A-13836,validation
A-13837,train
A-13838,test
A-13839,train
A-13840,train
A-13841,test
A-13842,train
A-13843,train
A-13844,train
A-13845,train
A-13846,train
A-13847,train
A-13848,train
A-13849,validation
A-13850,test
A-13851,train
A-13852,train
A-13853,train
A-13854,train
A-13855,train
A-13856,train
A-13857,train
A-13858,train
A-13859,train
A-13860,train
A-13861,train
A-13862,validation
A-13863,test
A-13864,train
A-13865,train
A-13866,validation
A-13867,train
A-13868,train
A-13869,test
A-13870,validation
A-13871,validation
A-13872,train
A-13873,train
A-13874,train
A-13875,train
A-13876,validation
A-13877,train
A-13878,train
A-13879,train
A-13880,train
A-13881,train
A-13882,test
A-13883,test
A-13884,train
A-13885,train
A-13886,train
A-13887,validation
A-13888,train
A-13889,train
A-13890,validation
A-13891,train
A-13892,train
A-13893,train
A-13894,test
A-13895,train
A-13896,train
A-13897,test
A-13898,train
A-13899,train
A-13900,train
A-13901,train
A-13902,train
A-13903,test
A-13904,train
A-13905,train
A-13906,test
A-13907,test
A-13908,train
A-13909,train
A-13910,train
A-13911,train
A-13912,train
A-13913,train
A-13914,train
A-13915,train
A-13916,train
A-13917,train
A-13918,train
A-13919,train
A-13920,train
A-13921,train
A-13922,validation
A-13923,train
A-13924,train
A-13925,train
A-13926,train
A-13927,train
A-13928,test
A-13929,train
A-13930,train
A-13931,train
A-13932,train
A-13933,test
A-13934,train
A-13935,train
A-13936,train
A-13937,train
A-13938,train
A-13939,train
A-13940,train
A-13941,train
A-13942,validation
A-13943,train
A-13944,test
A-13945,train
A-13946,train
A-13947,validation
A-13948,train
A-13949,train
A-13950,train
A-13951,train
A-13952,test
A-13953,train
A-13954,train
A-13955,validation
A-13956,train
A-13957,train
A-13958,validation
A-13959,test
A-13960,train
A-13961,train
A-13962,validation
A-13963,train
A-13964,train
A-13965,train
A-13966,train
A-13967,train
A-13968,train
A-13969,train
A-13970,validation
A-13971,train
A-13972,train
A-13973,train
A-13974,test
A-13975,train
A-13976,train
A-13977,train
A-13978,train
A-13979,train
A-13980,validation
A-13981,train
A-13982,train
A-13983,train
A-13984,train
A-13985,train
A-13986,train
A-13987,test
A-13988,train
A-13989,train
A-13990,train
A-13991,train
A-13992,validation
A-13993,train
A-13994,train
A-13995,train
A-13996,validation
A-13997,validation
A-13998,train
A-13999,train
A-14000,test
A-14001,train
A-14002,train
A-14003,train
A-14004,train
A-14005,train
A-14006,validation
A-14007,train
A-14008,validation
A-14009,train
A-14010,test
A-14011,train
A-14012,test
A-14013,validation
A-14014,train
A-14015,train
A-14016,validation
A-14017,train
A-14018,train
A-14019,train
A-14020,train
A-14021,train
A-14022,train
A-14023,train
A-14024,validation
A-14025,validation
A-14026,validation
A-14027,train
A-14028,train
A-14029,validation
A-14030,test
A-14031,train
A-14032,train
A-14033,train
A-14034,validation
A-14035,train
A-14036,train
A-14037,train
A-14038,train
A-14039,train
A-14040,test
A-14041,validation
A-14042,train
A-14043,test
A-14044,train
A-14045,test
A-14046,train
A-14047,train
A-14048,test
A-14049,train
A-14050,validation
A-14051,validation
A-14052,train
A-14053,train
A-14054,validation
A-14055,train
A-14056,test
A-14057,train
A-14058,train
A-14059,train
A-14060,train
A-14061,train
A-14062,train
A-14063,train
A-14064,train
A-14065,train
A-14066,train
A-14067,train
A-14068,train
A-14069,validation
A-14070,test
A-14071,test
A-14072,train
A-14073,train
A-14074,train
A-14075,test
A-14076,train
A-14077,validation
A-14078,test
A-14079,test
A-14080,train
A-14081,train
A-14082,train
A-14083,train
A-14084,train
A-14085,train
A-14086,validation
A-14087,train
A-14088,train
A-14089,train
A-14090,train
A-14091,train
A-14092,train
A-14093,train
A-14094,train
A-14095,test
A-14096,train
A-14097,test
A-14098,train
A-14099,train
A-14100,test
A-14101,train
A-14102,train
A-14103,test
A-14104,validation
A-14105,train
A-14106,train
A-14107,train
A-14108,train
A-14109,train
A-14110,test
A-14111,train
A-14112,train
A-14113,train
A-14114,train
A-14115,train
A-14116,validation
A-14117,train
A-14118,train
A-14119,test
A-14120,validation
A-14121,train
A-14122,train
A-14123,train
A-14124,train
A-14125,train
A-14126,train
A-14127,train
A-14128,validation
A-14129,test
A-14130,train
A-14131,validation
A-14132,train
A-14133,train
A-14134,train
A-14135,validation
A-14136,train
A-14137,train
A-14138,test
A-14139,validation
A-14140,test
A-14141,test
A-14142,test
A-14143,train
A-14144,test
A-14145,train
A-14146,train
A-14147,train
A-14148,train
A-14149,train
A-14150,validation
A-14151,train
A-14152,train
A-14153,train
A-14154,train
A-14155,train
A-14156,train
A-14157,train
A-14158,train
A-14159,validation
A-14160,train
A-14161,validation
A-14162,train
A-14163,train
A-14164,train
A-14165,train
A-14166,test
A-14167,train
A-14168,train
A-14169,test
A-14170,train
A-14171,train
A-14172,train
A-14173,train
A-14174,train
A-14175,train
A-14176,train
A-14177,train
A-14178,test
A-14179,train
A-14180,test
A-14181,train
A-14182,train
A-14183,validation
A-14184,train
A-14185,train
A-14186,test
A-14187,train
A-14188,train
A-14189,test
A-14190,test
A-14191,validation
A-14192,train
A-14193,train
A-14194,train
A-14195,train
A-14196,validation
A-14197,train
A-14198,train
A-14199,validation
A-14200,train
A-14201,validation
A-14202,train
A-14203,validation
A-14204,train
A-14205,train
A-14206,train
A-14207,train
A-14208,train
A-14209,train
A-14210,train
A-14211,train
A-14212,train
A-14213,validation
A-14214,train
A-14215,train
A-14216,train
A-14217,train
A-14218,train
A-14219,train
A-14220,train
A-14221,test
A-14222,train
A-14223,validation
A-14224,train
A-14225,train
A-14226,test
A-14227,train
A-14228,train
A-14229,train
A-14230,train
A-14231,validation
A-14232,train
A-14233,validation
A-14234,validation
A-14235,train
A-14236,train
A-14237,train
A-14238,test
A-14239,validation
A-14240,test
A-14241,train
A-14242,test
A-14243,train
A-14244,train
A-14245,test
A-14246,train
A-14247,train
A-14248,train
A-14249,validation
A-14250,validation
A-14251,train
A-14252,train
A-14253,train
A-14254,train
A-14255,test
A-14256,train
A-14257,validation
A-14258,train
A-14259,train
A-14260,train
A-14261,validation
A-14262,train
A-14263,train
A-14264,train
A-14265,validation
A-14266,train
A-14267,train
A-14268,test
A-14269,train
A-14270,train
A-14271,train
A-14272,train
A-14273,train
A-14274,test
A-14275,train
A-14276,train
A-14277,train
A-14278,train
A-14279,train
A-14280,train
A-14281,train
A-14282,train
A-14283,train
A-14284,train
A-14285,train
A-14286,train
A-14287,train
A-14288,test
A-14289,validation
A-14290,train
A-14291,test
A-14292,train
A-14293,train
A-14294,train
A-14295,train
A-14296,train
A-14297,train
A-14298,train
A-14299,train
A-14300,validation
A-14301,train
A-14302,train
A-14303,train
A-14304,train
A-14305,train
A-14306,test
A-14307,train
A-14308,test
A-14309,test
A-14310,test
A-14311,train
A-14312,train
A-14313,train
A-14314,train
A-14315,train
A-14316,validation
A-14317,train
A-14318,train
A-14319,train
A-14320,train
A-14321,train
A-14322,validation
A-14323,train
A-14324,train
A-14325,train
A-14326,train
A-14327,train
A-14328,train
A-14329,train
A-14330,train
A-14331,test
A-14332,train
A-14333,train
A-14334,train
A-14335,test
A-14336,validation
A-14337,train
A-14338,train
A-14339,train
A-14340,validation
A-14341,train
A-14342,test
A-14343,train
A-14344,test
A-14345,train
A-14346,train
A-14347,train
A-14348,train
A-14349,train
A-14350,train
A-14351,test
A-14352,train
A-14353,validation
A-14354,train
A-14355,train
A-14356,train
A-14357,train
A-14358,validation
A-14359,validation
A-14360,test
A-14361,train
A-14362,train
A-14363,validation
A-14364,test
A-14365,train
A-14366,validation
A-14367,test
A-14368,train
A-14369,train
A-14370,train
A-14371,train
A-14372,test
A-14373,validation
A-14374,test
A-14375,train
A-14376,test
A-14377,validation
A-14378,train
A-14379,train
A-14380,train
A-14381,train
A-14382,train
A-14383,train
A-14384,validation
A-14385,validation
A-14386,train
A-14387,test
A-14388,validation
A-14389,train
A-14390,train
A-14391,train
A-14392,test
A-14393,train
A-14394,validation
A-14395,train
A-14396,test
A-14397,validation
A-14398,validation
A-14399,test
A-14400,train
A-14401,train
A-14402,validation
A-14403,train
A-14404,train
A-14405,train
A-14406,train
A-14407,train
A-14408,train
A-14409,train
A-14410,validation
A-14411,train
A-14412,validation
A-14413,train
A-14414,train
A-14415,train
A-14416,test
A-14417,validation
A-14418,train
A-14419,train
A-14420,train
A-14421,train
A-14422,validation
A-14423,validation
A-14424,train
A-14425,train
A-14426,train
A-14427,train
A-14428,train
A-14429,train
A-14430,train
A-14431,test
A-14432,train
A-14433,validation
A-14434,train
A-14435,train
A-14436,train
A-14437,train
A-14438,train
A-14439,train
A-14440,train
A-14441,train
A-14442,validation
A-14443,train
A-14444,test
A-14445,train
A-14446,train
A-14447,validation
A-14448,train
A-14449,train
A-14450,train
A-14451,train
A-14452,train
A-14453,train
A-14454,train
A-14455,test
A-14456,train
A-14457,train
A-14458,train
A-14459,train
A-14460,test
A-14461,train
A-14462,validation
A-14463,train
A-14464,train
A-14465,validation
A-14466,train
A-14467,train
A-14468,train
A-14469,train
A-14470,train
A-14471,train
A-14472,train
A-14473,validation
A-14474,train
A-14475,test
A-14476,test
A-14477,train
A-14478,train
A-14479,train
A-14480,train
A-14481,train
A-14482,validation
A-14483,test
A-14484,train
A-14485,train
A-14486,train
A-14487,validation
A-14488,test
A-14489,train
A-14490,train
A-14491,train
A-14492,train
A-14493,train
A-14494,test
A-14495,test
A-14496,train
A-14497,train
A-14498,train
A-14499,validation
A-14500,train
A-14501,train
A-14502,train
A-14503,validation
A-14504,test
A-14505,train
A-14506,train
A-14507,validation
A-14508,train
A-14509,train
A-14510,train
A-14511,test
A-14512,train
A-14513,train
A-14514,train
A-14515,train
A-14516,train
A-14517,validation
A-14518,test
A-14519,train
A-14520,train
A-14521,validation
A-14522,test
A-14523,train
A-14524,train
A-14525,train
A-14526,validation
A-14527,validation
A-14528,train
A-14529,train
A-14530,validation
A-14531,test
A-14532,train
A-14533,train
A-14534,train
A-14535,train
A-14536,train
A-14537,train
A-14538,train
A-14539,validation
A-14540,train
A-14541,train
A-14542,train
A-14543,train
A-14544,train
A-14545,train
A-14546,test
A-14547,train
A-14548,train
A-14549,train
A-14550,train
A-14551,train
A-14552,train
A-14553,train
A-14554,test
A-14555,train
A-14556,validation
A-14557,train
A-14558,test
A-14559,train
A-14560,train
A-14561,train
A-14562,test
A-14563,validation
A-14564,train
A-14565,train
A-14566,test
A-14567,validation
A-14568,train
A-14569,validation
A-14570,train
A-14571,train
A-14572,test
A-14573,train
A-14574,test
A-14575,train
A-14576,test
A-14577,test
A-14578,test
A-14579,train
A-14580,train
A-14581,validation
A-14582,train
A-14583,test
A-14584,test
A-14585,train
A-14586,train
A-14587,test
A-14588,train
A-14589,train
A-14590,train
A-14591,test
A-14592,train
A-14593,train
A-14594,train
A-14595,train
A-14596,train
A-14597,test
A-14598,train
A-14599,train
A-14600,test
A-14601,train
A-14602,train
A-14603,train
A-14604,train
A-14605,train
A-14606,train
A-14607,train
A-14608,train
A-14609,validation
A-14610,train
A-14611,train
A-14612,train
A-14613,test
A-14614,test
A-14615,train
A-14616,train
A-14617,validation
A-14618,train
A-14619,train
A-14620,train
A-14621,test
A-14622,validation
A-14623,train
A-14624,test
A-14625,train
A-14626,train
A-14627,train
A-14628,train
A-14629,test
A-14630,train
A-14631,train
A-14632,train
A-14633,validation
A-14634,train
A-14635,train
A-14636,train
A-14637,train
A-14638,train
A-14639,train
A-14640,train
A-14641,train
A-14642,validation
A-14643,train
A-14644,train
A-14645,train
A-14646,train
A-14647,validation
A-14648,train
A-14649,train
A-14650,train
A-14651,validation
A-14652,train
A-14653,train
A-14654,train
A-14655,train
A-14656,train
A-14657,train
A-14658,test
A-14659,train
A-14660,train
A-14661,train
A-14662,train
A-14663,train
A-14664,train
A-14665,test
A-14666,train
A-14667,train
A-14668,train
A-14669,train
A-14670,train
A-14671,test
A-14672,train
A-14673,test
A-14674,train
A-14675,train
A-14676,test
A-14677,validation
A-14678,train
A-14679,train
A-14680,train
A-14681,test
A-14682,train
A-14683,train
A-14684,test
A-14685,train
A-14686,validation
A-14687,validation
A-14688,test
A-14689,test
A-14690,validation
A-14691,train
A-14692,train
A-14693,validation
A-14694,train
A-14695,validation
A-14696,test
A-14697,test
A-14698,validation
A-14699,test
A-14700,train
A-14701,train
A-14702,test
A-14703,train
A-14704,test
A-14705,train
A-14706,train
A-14707,train
A-14708,train
A-14709,validation
A-14710,test
A-14711,train
A-14712,train
A-14713,train
A-14714,train
A-14715,train
A-14716,train
A-14717,train
A-14718,train
A-14719,train
A-14720,train
A-14721,validation
A-14722,train
A-14723,validation
A-14724,train
A-14725,train
A-14726,train
A-14727,train
A-14728,validation
A-14729,train
A-14730,train
A-14731,validation
A-14732,train
A-14733,validation
A-14734,train
A-14735,train
A-14736,train
A-14737,train
A-14738,test
A-14739,train
A-14740,train
A-14741,test
A-14742,train
A-14743,train
A-14744,train
A-14745,train
A-14746,train
A-14747,train
A-14748,train
A-14749,validation
A-14750,test
A-14751,train
A-14752,validation
A-14753,train
A-14754,train
A-14755,train
A-14756,train
A-14757,train
A-14758,train
A-14759,test
A-14760,train
A-14761,test
A-14762,train
A-14763,train
A-14764,test
A-14765,validation
A-14766,test
A-14767,validation
A-14768,train
A-14769,test
A-14770,test
A-14771,test
A-14772,train
A-14773,test
A-14774,train
A-14775,validation
A-14776,train
A-14777,train
A-14778,test
A-14779,train
A-14780,validation
A-14781,train
A-14782,train
A-14783,test
A-14784,train
A-14785,train
A-14786,train
A-14787,validation
A-14788,train
A-14789,train
A-14790,train
A-14791,train
A-14792,train
A-14793,validation
A-14794,train
A-14795,test
A-14796,train
A-14797,validation
A-14798,train
A-14799,train
A-14800,train
A-14801,test
A-14802,train
A-14803,train
A-14804,train
A-14805,validation
A-14806,train
A-14807,train
A-14808,train
A-14809,train
A-14810,train
A-14811,train
A-14812,train
A-14813,test
A-14814,validation
A-14815,train
A-14816,train
A-14817,validation
A-14818,train
A-14819,train
A-14820,train
A-14821,train
A-14822,validation
A-14823,test
A-14824,validation
A-14825,train
A-14826,train
A-14827,validation
A-14828,validation
A-14829,train
A-14830,train
A-14831,train
A-14832,train
A-14833,test
A-14834,train
A-14835,train
A-14836,validation
A-14837,validation
A-14838,train
A-14839,test
A-14840,train
A-14841,validation
A-14842,train
A-14843,train
A-14844,train
A-14845,validation
A-14846,train
A-14847,train
A-14848,train
A-14849,validation
A-14850,train
A-14851,train
A-14852,test
A-14853,train
A-14854,validation
A-14855,train
A-14856,train
A-14857,train
A-14858,train
A-14859,validation
A-14860,train
A-14861,train
A-14862,train
A-14863,train
A-14864,test
A-14865,train
A-14866,train
A-14867,train
A-14868,train
A-14869,train
A-14870,train
A-14871,train
A-14872,train
A-14873,train
A-14874,validation
A-14875,train
A-14876,train
A-14877,train
A-14878,train
A-14879,train
A-14880,train
A-14881,train
A-14882,train
A-14883,train
A-14884,train
A-14885,train
A-14886,train
A-14887,train
A-14888,train
A-14889,validation
A-14890,train
A-14891,train
A-14892,train
A-14893,train
A-14894,train
A-14895,train
A-14896,train
A-14897,validation
A-14898,train
A-14899,train
A-14900,train
A-14901,train
A-14902,train
A-14903,train
A-14904,train
A-14905,train
A-14906,validation
A-14907,train
A-14908,validation
A-14909,validation
A-14910,train
A-14911,train
A-14912,train
A-14913,test
A-14914,train
A-14915,train
A-14916,validation
A-14917,train
A-14918,test
A-14919,test
A-14920,test
A-14921,train
A-14922,train
A-14923,validation
A-14924,train
A-14925,train
A-14926,train
A-14927,validation
A-14928,train
A-14929,train
A-14930,train
A-14931,validation
A-14932,validation
A-14933,train
A-14934,test
A-14935,train
A-14936,train
A-14937,train
A-14938,train
A-14939,test
A-14940,train
A-14941,test
A-14942,train
A-14943,train
A-14944,train
A-14945,train
A-14946,train
A-14947,train
A-14948,test
A-14949,train
A-14950,validation
A-14951,train
A-14952,train
A-14953,train
A-14954,train
A-14955,train
A-14956,train
A-14957,validation
A-14958,validation
A-14959,validation
A-14960,train
A-14961,train
A-14962,train
A-14963,train
A-14964,train
A-14965,validation
A-14966,train
A-14967,train
A-14968,train
A-14969,train
A-14970,train
A-14971,train
A-14972,train
A-14973,test
A-14974,test
A-14975,train
A-14976,train
A-14977,train
A-14978,test
A-14979,test
A-14980,validation
A-14981,train
A-14982,train
A-14983,train
A-14984,train
A-14985,test
A-14986,train
A-14987,train
A-14988,train
A-14989,train
A-14990,train
A-14991,train
A-14992,validation
A-14993,validation
A-14994,train
A-14995,train
A-14996,train
A-14997,train
A-14998,train
A-14999,train
A-15000,test
A-15001,train
A-15002,test
A-15003,train
A-15004,test
A-15005,train
A-15006,train
A-15007,validation
A-15008,test
A-15009,validation
A-15010,validation
A-15011,test
A-15012,train
A-15013,test
A-15014,train
A-15015,train
A-15016,train
A-15017,train
A-15018,train
A-15019,train
A-15020,train
A-15021,validation
A-15022,train
A-15023,train
A-15024,train
A-15025,train
A-15026,train
A-15027,test
A-15028,validation
A-15029,validation
A-15030,train
A-15031,validation
A-15032,validation
A-15033,test
A-15034,train
A-15035,train
A-15036,train
A-15037,validation
A-15038,test
A-15039,test
A-15040,train
A-15041,validation
A-15042,train
A-15043,train
A-15044,train
A-15045,train
A-15046,train
A-15047,train
A-15048,train
A-15049,train
A-15050,train
A-15051,train
A-15052,train
A-15053,test
A-15054,train
A-15055,train
A-15056,validation
A-15057,train
A-15058,test
A-15059,train
A-15060,validation
A-15061,train
A-15062,validation
A-15063,test
A-15064,train
A-15065,train
A-15066,train
A-15067,validation
A-15068,train
A-15069,train
A-15070,train
A-15071,train
A-15072,train
A-15073,test
A-15074,train
A-15075,test
A-15076,train
A-15077,train
A-15078,train
A-15079,train
A-15080,train
A-15081,train
A-15082,train
A-15083,train
A-15084,train
A-15085,test
A-15086,train
A-15087,train
A-15088,train
A-15089,train
A-15090,train
A-15091,train
A-15092,test
A-15093,validation
A-15094,test
A-15095,test
A-15096,train
A-15097,validation
A-15098,test
A-15099,train
A-15100,train
A-15101,train
A-15102,test
A-15103,train
A-15104,test
A-15105,validation
A-15106,train
A-15107,validation
A-15108,validation
A-15109,train
A-15110,test
A-15111,validation
A-15112,validation
A-15113,test
A-15114,train
A-15115,train
A-15116,train
A-15117,train
A-15118,train
A-15119,train
A-15120,train
A-15121,validation
A-15122,validation
A-15123,train
A-15124,train
A-15125,train
A-15126,test
A-15127,train
A-15128,train
A-15129,train
A-15130,train
A-15131,train
A-15132,train
A-15133,train
A-15134,test
A-15135,train
A-15136,train
A-15137,train
A-15138,validation
A-15139,validation
A-15140,train
A-15141,train
A-15142,train
A-15143,train
A-15144,train
A-15145,train
A-15146,validation
A-15147,train
A-15148,train
A-15149,test
A-15150,test
A-15151,train
A-15152,train
A-15153,train
A-15154,validation
A-15155,train
A-15156,train
A-15157,train
A-15158,train
A-15159,train
A-15160,test
A-15161,train
A-15162,train
A-15163,train
A-15164,test
A-15165,validation
A-15166,train
A-15167,train
A-15168,train
A-15169,train
A-15170,train
A-15171,train
A-15172,validation
A-15173,train
A-15174,train
A-15175,test
A-15176,validation
A-15177,train
A-15178,train
A-15179,train
A-15180,test
A-15181,train
A-15182,train
A-15183,train
A-15184,test
A-15185,train
A-15186,validation
A-15187,train
A-15188,test
A-15189,train
A-15190,train
A-15191,train
A-15192,test
A-15193,train
A-15194,validation
A-15195,train
A-15196,train
A-15197,train
A-15198,validation
A-15199,train
A-15200,train
A-15201,test
A-15202,train
A-15203,test
A-15204,test
A-15205,test
A-15206,validation
A-15207,test
A-15208,train
A-15209,train
A-15210,test
A-15211,train
A-15212,train
A-15213,train
A-15214,train
A-15215,train
A-15216,train
A-15217,train
A-15218,test
A-15219,train
A-15220,test
A-15221,train
A-15222,train
A-15223,validation
A-15224,train
A-15225,validation
A-15226,train
A-15227,train
A-15228,test
A-15229,validation
A-15230,train
A-15231,test
A-15232,train
A-15233,test
A-15234,train
A-15235,test
A-15236,train
A-15237,train
A-15238,train
A-15239,train
A-15240,train
A-15241,train
A-15242,test
A-15243,train
A-15244,test
A-15245,validation
A-15246,train
A-15247,train
A-15248,train
A-15249,train
A-15250,train
A-15251,train
A-15252,train
A-15253,train
A-15254,test
A-15255,train
A-15256,validation
A-15257,train
A-15258,test
A-15259,train
A-15260,train
A-15261,validation
A-15262,train
A-15263,validation
A-15264,train
A-15265,train
A-15266,train
A-15267,train
A-15268,train
A-15269,train
A-15270,train
A-15271,validation
A-15272,train
A-15273,validation
A-15274,test
A-15275,train
A-15276,train
A-15277,test
A-15278,train
A-15279,train
A-15280,train
A-15281,validation
A-15282,train
A-15283,train
A-15284,test
A-15285,train
A-15286,train
A-15287,train
A-15288,train
A-15289,train
A-15290,train
A-15291,train
A-15292,train
A-15293,train
A-15294,train
A-15295,train
A-15296,train
A-15297,train
A-15298,validation
A-15299,train
A-15300,train
A-15301,train
A-15302,train
A-15303,train
A-15304,train
A-15305,train
A-15306,test
A-15307,validation
A-15308,train
A-15309,train
A-15310,train
A-15311,train
A-15312,test
A-15313,test
A-15314,train
A-15315,validation
A-15316,train
A-15317,train
A-15318,test
A-15319,train
A-15320,test
A-15321,train
A-15322,train
A-15323,train
A-15324,train
A-15325,validation
A-15326,validation
A-15327,train
A-15328,train
A-15329,validation
A-15330,train
A-15331,test
A-15332,validation
A-15333,train
A-15334,train
A-15335,train
A-15336,train
A-15337,train
A-15338,train
A-15339,test
A-15340,train
A-15341,train
A-15342,validation
A-15343,test
A-15344,train
A-15345,train
A-15346,test
A-15347,train
A-15348,validation
A-15349,train
A-15350,train
A-15351,test
A-15352,train
A-15353,train
A-15354,train
A-15355,train
A-15356,train
A-15357,test
A-15358,validation
A-15359,train
A-15360,train
A-15361,train
A-15362,test
A-15363,train
A-15364,validation
A-15365,train
A-15366,train
A-15367,train
A-15368,train
A-15369,train
A-15370,train
A-15371,train
A-15372,test
A-15373,validation
A-15374,train
A-15375,validation
A-15376,train
A-15377,train
A-15378,train
A-15379,train
A-15380,train
A-15381,validation
A-15382,train
A-15383,train
A-15384,train
A-15385,validation
A-15386,train
A-15387,train
A-15388,test
A-15389,test
A-15390,train
A-15391,validation
A-15392,test
A-15393,train
A-15394,train
A-15395,train
A-15396,train
A-15397,train
A-15398,test
A-15399,train
A-15400,train
A-15401,train
A-15402,train
A-15403,train
A-15404,train
A-15405,train
A-15406,validation
A-15407,train
A-15408,train
A-15409,train
A-15410,test
A-15411,validation
A-15412,train
A-15413,validation
A-15414,train
A-15415,train
A-15416,train
A-15417,test
A-15418,test
A-15419,train
A-15420,train
A-15421,validation
A-15422,validation
A-15423,train
A-15424,train
A-15425,train
A-15426,train
A-15427,train
A-15428,test
A-15429,validation
A-15430,test
A-15431,train
A-15432,validation
A-15433,train
A-15434,train
A-15435,train
A-15436,train
A-15437,validation
A-15438,test
A-15439,test
A-15440,test
A-15441,train
A-15442,validation
A-15443,train
A-15444,train
A-15445,train
A-15446,test
A-15447,validation
A-15448,train
A-15449,train
A-15450,train
A-15451,validation
A-15452,validation
A-15453,train
A-15454,test
A-15455,train
A-15456,validation
A-15457,train
A-15458,train
A-15459,train
A-15460,train
A-15461,train
A-15462,train
A-15463,train
A-15464,train
A-15465,train
A-15466,train
A-15467,test
A-15468,train
A-15469,validation
A-15470,train
A-15471,validation
A-15472,train
A-15473,test
A-15474,validation
A-15475,train
A-15476,train
A-15477,train
A-15478,train
A-15479,train
A-15480,train
A-15481,validation
A-15482,test
A-15483,train
A-15484,test
A-15485,train
A-15486,train
A-15487,validation
A-15488,train
A-15489,train
A-15490,train
A-15491,train
A-15492,test
A-15493,train
A-15494,validation
A-15495,test
A-15496,train
A-15497,validation
A-15498,train
A-15499,test
A-15500,validation
A-15501,train
A-15502,train
A-15503,test
A-15504,test
A-15505,train
A-15506,train
A-15507,train
A-15508,validation
A-15509,train
A-15510,train
A-15511,test
A-15512,train
A-15513,validation
A-15514,test
A-15515,train
A-15516,train
A-15517,test
A-15518,validation
A-15519,train
A-15520,train
A-15521,validation
A-15522,train
A-15523,test
A-15524,train
A-15525,train
A-15526,train
A-15527,train
A-15528,test
A-15529,train
A-15530,train
A-15531,train
A-15532,train
A-15533,train
A-15534,train
A-15535,train
A-15536,train
A-15537,train
A-15538,train
A-15539,train
A-15540,train
A-15541,train
A-15542,test
A-15543,train
A-15544,validation
A-15545,train
A-15546,test
A-15547,train
A-15548,validation
A-15549,train
A-15550,train
A-15551,train
A-15552,test
A-15553,train
A-15554,train
A-15555,train
A-15556,train
A-15557,train
A-15558,train
A-15559,train
A-15560,train
A-15561,train
A-15562,validation
A-15563,train
A-15564,test
A-15565,validation
A-15566,train
A-15567,train
A-15568,train
A-15569,validation
A-15570,train
A-15571,test
A-15572,train
A-15573,train
A-15574,validation
A-15575,train
A-15576,train
A-15577,train
A-15578,train
A-15579,train
A-15580,train
A-15581,train
A-15582,train
A-15583,train
A-15584,train
A-15585,train
A-15586,train
A-15587,train
A-15588,test
A-15589,validation
A-15590,train
A-15591,test
A-15592,train
A-15593,train
A-15594,train
A-15595,train
A-15596,train
A-15597,train
A-15598,train
A-15599,test
A-15600,train
A-15601,train
A-15602,train
A-15603,train
A-15604,train
A-15605,train
A-15606,train
A-15607,train
A-15608,train
A-15609,validation
A-15610,train
A-15611,train
A-15612,train
A-15613,train
A-15614,train
A-15615,train
A-15616,validation
A-15617,test
A-15618,test
A-15619,train
A-15620,validation
A-15621,train
A-15622,test
A-15623,train
A-15624,train
A-15625,train
A-15626,test
A-15627,train
A-15628,train
A-15629,train
A-15630,train
A-15631,train
A-15632,validation
A-15633,train
A-15634,train
A-15635,train
A-15636,train
A-15637,train
A-15638,train
A-15639,train
A-15640,train
A-15641,train
A-15642,train
A-15643,train
A-15644,validation
A-15645,test
A-15646,train
A-15647,validation
A-15648,train
A-15649,train
A-15650,train
A-15651,validation
A-15652,train
A-15653,train
A-15654,train
A-15655,train
A-15656,train
A-15657,train
A-15658,train
A-15659,train
A-15660,train
A-15661,train
A-15662,train
A-15663,train
A-15664,train
A-15665,train
A-15666,test
A-15667,validation
A-15668,test
A-15669,train
A-15670,test
A-15671,train
A-15672,train
A-15673,train
A-15674,train
A-15675,test
A-15676,train
A-15677,train
A-15678,train
A-15679,validation
A-15680,validation
A-15681,train
A-15682,train
A-15683,train
A-15684,train
A-15685,train
A-15686,train
A-15687,test
A-15688,validation
A-15689,train
A-15690,train
A-15691,train
A-15692,train
A-15693,validation
A-15694,train
A-15695,train
A-15696,train
A-15697,validation
A-15698,train
A-15699,train
A-15700,train
A-15701,train
A-15702,train
A-15703,train
A-15704,train
A-15705,train
A-15706,train
A-15707,test
A-15708,train
A-15709,test
A-15710,train
A-15711,train
A-15712,train
A-15713,train
A-15714,train
A-15715,train
A-15716,train
A-15717,train
A-15718,train
A-15719,train
A-15720,train
A-15721,train
A-15722,validation
A-15723,train
A-15724,test
A-15725,train
A-15726,train
A-15727,train
A-15728,train
A-15729,validation
A-15730,train
A-15731,train
A-15732,train
A-15733,train
A-15734,train
A-15735,test
A-15736,train
A-15737,train
A-15738,test
A-15739,train
A-15740,test
A-15741,train
A-15742,train
A-15743,validation
A-15744,train
A-15745,train
A-15746,train
A-15747,train
A-15748,train
A-15749,train
A-15750,train
A-15751,train
A-15752,train
A-15753,train
A-15754,train
A-15755,train
A-15756,validation
A-15757,validation
A-15758,train
A-15759,test
A-15760,train
A-15761,test
A-15762,train
A-15763,validation
A-15764,train
A-15765,train
A-15766,train
A-15767,train
A-15768,validation
A-15769,validation
A-15770,test
A-15771,test
A-15772,test
A-15773,train
A-15774,train
A-15775,train
A-15776,train
A-15777,train
A-15778,validation
A-15779,train
A-15780,test
A-15781,train
A-15782,train
A-15783,test
A-15784,train
A-15785,train
A-15786,train
A-15787,train
A-15788,train
A-15789,validation
A-15790,train
A-15791,test
A-15792,train
A-15793,test
A-15794,train
A-15795,validation
A-15796,test
A-15797,train
A-15798,train
A-15799,train
A-15800,train
A-15801,train
A-15802,train
A-15803,train
A-15804,train
A-15805,train
A-15806,train
A-15807,train
A-15808,train
A-15809,train
A-15810,train
A-15811,train
A-15812,train
A-15813,train
A-15814,train
A-15815,train
A-15816,train
A-15817,train
A-15818,train
A-15819,train
A-15820,validation
A-15821,train
A-15822,train
A-15823,validation
A-15824,train
A-15825,train
A-15826,validation
A-15827,validation
A-15828,test
A-15829,train
A-15830,train
A-15831,train
A-15832,train
A-15833,train
A-15834,test
A-15835,train
A-15836,train
A-15837,train
A-15838,validation
A-15839,validation
A-15840,train
A-15841,validation
A-15842,validation
A-15843,train
A-15844,train
A-15845,test
A-15846,train
A-15847,train
A-15848,train
A-15849,train
A-15850,train
A-15851,train
A-15852,train
A-15853,test
A-15854,train
A-15855,train
A-15856,validation
A-15857,train
A-15858,train
A-15859,train
A-15860,test
A-15861,train
A-15862,train
A-15863,train
A-15864,test
A-15865,train
A-15866,train
A-15867,train
A-15868,train
A-15869,train
A-15870,train
A-15871,train
A-15872,train
A-15873,test
A-15874,train
A-15875,train
A-15876,test
A-15877,train
A-15878,train
A-15879,train
A-15880,validation
A-15881,validation
A-15882,train
A-15883,validation
A-15884,train
A-15885,train
A-15886,train
A-15887,train
A-15888,validation
A-15889,train
A-15890,train
A-15891,train
A-15892,train
A-15893,validation
A-15894,validation
A-15895,train
A-15896,validation
A-15897,test
A-15898,train
A-15899,train
A-15900,validation
A-15901,train
A-15902,train
A-15903,validation
A-15904,train
A-15905,train
A-15906,validation
A-15907,validation
A-15908,train
A-15909,train
A-15910,train
A-15911,validation
A-15912,train
A-15913,validation
A-15914,train
A-15915,test
A-15916,train
A-15917,train
A-15918,train
A-15919,train
A-15920,test
A-15921,train
A-15922,train
A-15923,test
A-15924,train
A-15925,validation
A-15926,train
A-15927,train
A-15928,train
A-15929,train
A-15930,train
A-15931,train
A-15932,train
A-15933,train
A-15934,train
A-15935,train
A-15936,train
A-15937,validation
A-15938,test
A-15939,test
A-15940,validation
A-15941,train
A-15942,train
A-15943,validation
A-15944,train
A-15945,train
A-15946,train
A-15947,train
A-15948,validation
A-15949,train
A-15950,train
A-15951,train
A-15952,train
A-15953,test
A-15954,train
A-15955,train
A-15956,train
A-15957,train
A-15958,test
A-15959,train
A-15960,validation
A-15961,train
A-15962,train
A-15963,validation
A-15964,train
A-15965,train
A-15966,validation
A-15967,train
A-15968,train
A-15969,train
A-15970,train
A-15971,test
A-15972,validation
A-15973,train
A-15974,train
A-15975,train
A-15976,train
A-15977,test
A-15978,train
A-15979,validation
A-15980,train
A-15981,train
A-15982,train
A-15983,train
A-15984,train
A-15985,train
A-15986,train
A-15987,train
A-15988,train
A-15989,test
A-15990,validation
A-15991,train
A-15992,validation
A-15993,train
A-15994,train
A-15995,test
A-15996,train
A-15997,train
A-15998,validation
A-15999,train
A-16000,train
A-16001,train
A-16002,train
A-16003,train
A-16004,test
A-16005,train
A-16006,train
A-16007,validation
A-16008,train
A-16009,test
A-16010,train
A-16011,train
A-16012,train
A-16013,train
A-16014,train
A-16015,train
A-16016,validation
A-16017,test
A-16018,test
A-16019,train
A-16020,test
A-16021,test
A-16022,train
A-16023,test
A-16024,train
A-16025,train
A-16026,train
A-16027,validation
A-16028,test
A-16029,train
A-16030,test
A-16031,train
A-16032,test
A-16033,test
A-16034,train
A-16035,train
A-16036,test
A-16037,test
A-16038,validation
A-16039,train
A-16040,train
A-16041,train
A-16042,train
A-16043,validation
A-16044,train
A-16045,test
A-16046,test
A-16047,train
A-16048,train
A-16049,train
A-16050,test
A-16051,train
A-16052,validation
A-16053,train
A-16054,train
A-16055,validation
A-16056,train
A-16057,train
A-16058,train
A-16059,train
A-16060,test
A-16061,validation
A-16062,train
A-16063,train
A-16064,train
A-16065,train
A-16066,validation
A-16067,train
A-16068,train
A-16069,train
A-16070,train
A-16071,train
A-16072,test
A-16073,train
A-16074,train
A-16075,train
A-16076,train
A-16077,train
A-16078,validation
A-16079,validation
A-16080,test
A-16081,validation
A-16082,test
A-16083,train
A-16084,train
A-16085,train
A-16086,train
A-16087,test
A-16088,train
A-16089,train
A-16090,test
A-16091,test
A-16092,train
A-16093,test
A-16094,train
A-16095,test
A-16096,test
A-16097,test
A-16098,train
A-16099,train
A-16100,test
A-16101,train
A-16102,validation
A-16103,train
A-16104,train
A-16105,train
A-16106,validation
A-16107,validation
A-16108,train
A-16109,train
A-16110,train
A-16111,validation
A-16112,train
A-16113,train
A-16114,train
A-16115,train
A-16116,train
A-16117,validation
A-16118,train
A-16119,train
A-16120,train
A-16121,test
A-16122,train
A-16123,test
A-16124,train
A-16125,validation
A-16126,train
A-16127,train
A-16128,validation
A-16129,train
A-16130,validation
A-16131,test
A-16132,train
A-16133,train
A-16134,train
A-16135,train
A-16136,test
A-16137,train
A-16138,train
A-16139,train
A-16140,train
A-16141,train
A-16142,train
A-16143,train
A-16144,train
A-16145,train
A-16146,train
A-16147,train
A-16148,test
A-16149,train
A-16150,test
A-16151,validation
A-16152,test
A-16153,train
A-16154,train
A-16155,train
A-16156,validation
A-16157,test
A-16158,train
A-16159,train
A-16160,validation
A-16161,train
A-16162,validation
A-16163,train
A-16164,train
A-16165,validation
A-16166,train
A-16167,test
A-16168,validation
A-16169,train
A-16170,validation
A-16171,train
A-16172,train
A-16173,validation
A-16174,test
A-16175,validation
A-16176,validation
A-16177,train
A-16178,train
A-16179,train
A-16180,validation
A-16181,train
A-16182,validation
A-16183,test
A-16184,test
A-16185,train
A-16186,test
A-16187,train
A-16188,train
A-16189,train
A-16190,test
A-16191,train
A-16192,train
A-16193,validation
A-16194,train
A-16195,train
A-16196,train
A-16197,test
A-16198,train
A-16199,validation
A-16200,test
A-16201,train
A-16202,train
A-16203,train
A-16204,validation
A-16205,train
A-16206,train
A-16207,test
A-16208,train
A-16209,train
A-16210,train
A-16211,train
A-16212,test
A-16213,test
A-16214,train
A-16215,train
A-16216,train
A-16217,test
A-16218,train
A-16219,train
A-16220,test
A-16221,train
A-16222,validation
A-16223,train
A-16224,train
A-16225,train
A-16226,train
A-16227,validation
A-16228,train
A-16229,train
A-16230,test
A-16231,validation
A-16232,train
A-16233,train
A-16234,train
A-16235,train
A-16236,train
A-16237,train
A-16238,validation
A-16239,train
A-16240,train
A-16241,train
A-16242,train
A-16243,train
A-16244,train
A-16245,train
A-16246,train
A-16247,train
A-16248,train
A-16249,train
A-16250,train
A-16251,train
A-16252,validation
A-16253,train
A-16254,train
A-16255,train
A-16256,train
A-16257,train
A-16258,train
A-16259,validation
A-16260,validation
A-16261,train
A-16262,train
A-16263,train
A-16264,validation
A-16265,train
A-16266,validation
A-16267,train
A-16268,test
A-16269,validation
A-16270,validation
A-16271,train
A-16272,test
A-16273,validation
A-16274,train
A-16275,train
A-16276,validation
A-16277,train
A-16278,train
A-16279,test
A-16280,train
A-16281,train
A-16282,validation
A-16283,test
A-16284,train
A-16285,train
A-16286,train
A-16287,test
A-16288,train
A-16289,train
A-16290,train
A-16291,train
A-16292,train
A-16293,train
A-16294,train
A-16295,train
A-16296,train
A-16297,validation
A-16298,train
A-16299,train
A-16300,test
A-16301,train
A-16302,train
A-16303,test
A-16304,train
A-16305,train
A-16306,train
A-16307,train
A-16308,train
A-16309,train
A-16310,train
A-16311,train
A-16312,test
A-16313,train
A-16314,train
A-16315,train
A-16316,validation
A-16317,train
A-16318,train
A-16319,train
A-16320,test
A-16321,train
A-16322,validation
A-16323,validation
A-16324,train
A-16325,test
A-16326,train
A-16327,train
A-16328,train
A-16329,train
A-16330,train
A-16331,train
A-16332,train
A-16333,train
A-16334,train
A-16335,train
A-16336,train
A-16337,train
A-16338,validation
A-16339,train
A-16340,train
A-16341,train
A-16342,train
A-16343,train
A-16344,train
A-16345,train
A-16346,train
A-16347,train
A-16348,train
A-16349,train
A-16350,test
A-16351,train
A-16352,train
A-16353,validation
A-16354,train
A-16355,train
A-16356,train
A-16357,train
A-16358,train
A-16359,test
A-16360,test
A-16361,train
A-16362,train
A-16363,train
A-16364,train
A-16365,train
A-16366,train
A-16367,train
A-16368,train
A-16369,train
A-16370,train
A-16371,train
A-16372,train
A-16373,train
A-16374,train
A-16375,train
A-16376,train
A-16377,train
A-16378,validation
A-16379,train
A-16380,train
A-16381,train
A-16382,train
A-16383,validation
A-16384,train
A-16385,validation
A-16386,train
A-16387,train
A-16388,train
A-16389,test
A-16390,train
A-16391,train
A-16392,train
A-16393,train
A-16394,train
A-16395,validation
A-16396,train
A-16397,train
A-16398,train
A-16399,train
A-16400,train
A-16401,train
A-16402,train
A-16403,test
A-16404,train
A-16405,test
A-16406,test
A-16407,train
A-16408,validation
A-16409,test
A-16410,validation
A-16411,train
A-16412,validation
A-16413,train
A-16414,train
A-16415,train
A-16416,train
A-16417,validation
A-16418,train
A-16419,train
A-16420,train
A-16421,validation
A-16422,test
A-16423,test
A-16424,train
A-16425,train
A-16426,train
A-16427,test
A-16428,validation
A-16429,validation
A-16430,train
A-16431,train
A-16432,test
A-16433,train
A-16434,train
A-16435,train
A-16436,train
A-16437,train
A-16438,validation
A-16439,test
A-16440,train
A-16441,train
A-16442,train
A-16443,train
A-16444,train
A-16445,train
A-16446,train
A-16447,train
A-16448,train
A-16449,validation
A-16450,train
A-16451,train
A-16452,train
A-16453,train
A-16454,train
A-16455,test
A-16456,train
A-16457,test
A-16458,train
A-16459,train
A-16460,train
A-16461,test
A-16462,train
A-16463,train
A-16464,train
A-16465,validation
A-16466,train
A-16467,train
A-16468,validation
A-16469,train
A-16470,validation
A-16471,train
A-16472,validation
A-16473,train
A-16474,train
A-16475,train
A-16476,train
A-16477,test
A-16478,train
A-16479,train
A-16480,train
A-16481,train
A-16482,validation
A-16483,train
A-16484,train
A-16485,train
A-16486,train
A-16487,train
A-16488,train
A-16489,train
A-16490,validation
A-16491,train
A-16492,train
A-16493,train
A-16494,train
A-16495,validation
A-16496,train
A-16497,train
A-16498,test
A-16499,train
A-16500,train
A-16501,validation
A-16502,validation
A-16503,train
A-16504,validation
A-16505,train
A-16506,train
A-16507,validation
A-16508,train
A-16509,validation
A-16510,train
A-16511,train
A-16512,train
A-16513,test
A-16514,train
A-16515,train
A-16516,train
A-16517,train
A-16518,train
A-16519,validation
A-16520,train
A-16521,train
A-16522,train
A-16523,train
A-16524,test
A-16525,test
A-16526,validation
A-16527,test
A-16528,test
A-16529,train
A-16530,validation
A-16531,train
A-16532,train
A-16533,validation
A-16534,test
A-16535,test
A-16536,train
A-16537,train
A-16538,train
A-16539,validation
A-16540,test
A-16541,train
A-16542,test
A-16543,train
A-16544,train
A-16545,train
A-16546,train
A-16547,test
A-16548,test
A-16549,train
A-16550,train
A-16551,train
A-16552,validation
A-16553,validation
A-16554,train
A-16555,train
A-16556,train
A-16557,train
A-16558,train
A-16559,train
A-16560,test
A-16561,validation
A-16562,train
A-16563,validation
A-16564,train
A-16565,test
A-16566,train
A-16567,test
A-16568,train
A-16569,train
A-16570,validation
A-16571,validation
A-16572,train
A-16573,train
A-16574,test
A-16575,validation
A-16576,train
A-16577,train
A-16578,train
A-16579,test
A-16580,train
A-16581,train
A-16582,train
A-16583,train
A-16584,train
A-16585,train
A-16586,validation
A-16587,validation
A-16588,test
A-16589,train
A-16590,validation
A-16591,train
A-16592,train
A-16593,train
A-16594,train
A-16595,train
A-16596,train
A-16597,train
A-16598,train
A-16599,train
A-16600,validation
A-16601,validation
A-16602,train
A-16603,validation
A-16604,train
A-16605,train
A-16606,train
A-16607,train
A-16608,test
A-16609,train
A-16610,train
A-16611,train
A-16612,test
A-16613,train
A-16614,train
A-16615,train
A-16616,train
A-16617,train
A-16618,train
A-16619,validation
A-16620,train
A-16621,train
A-16622,train
A-16623,test
A-16624,train
A-16625,train
A-16626,validation
A-16627,test
A-16628,train
A-16629,train
A-16630,train
A-16631,train
A-16632,test
A-16633,train
A-16634,train
A-16635,validation
A-16636,train
A-16637,test
A-16638,train
A-16639,train
A-16640,train
A-16641,train
A-16642,train
A-16643,train
A-16644,validation
A-16645,train
A-16646,train
A-16647,train
A-16648,test
A-16649,train
A-16650,test
A-16651,test
A-16652,test
A-16653,train
A-16654,train
A-16655,test
A-16656,train
A-16657,test
A-16658,train
A-16659,validation
A-16660,train
A-16661,train
A-16662,test
A-16663,train
A-16664,train
A-16665,train
A-16666,validation
A-16667,train
A-16668,train
A-16669,validation
A-16670,train
A-16671,test
A-16672,test
A-16673,train
A-16674,train
A-16675,train
A-16676,validation
A-16677,train
A-16678,train
A-16679,train
A-16680,train
A-16681,train
A-16682,train
A-16683,train
A-16684,train
A-16685,validation
A-16686,train
A-16687,train
A-16688,train
A-16689,validation
A-16690,train
A-16691,train
A-16692,train
A-16693,train
A-16694,train
A-16695,train
A-16696,train
A-16697,test
A-16698,train
A-16699,validation
A-16700,train
A-16701,train
A-16702,test
A-16703,train
A-16704,validation
A-16705,train
A-16706,train
A-16707,validation
A-16708,train
A-16709,train
A-16710,train
A-16711,test
A-16712,train
A-16713,train
A-16714,validation
A-16715,test
A-16716,train
A-16717,train
A-16718,train
A-16719,train
A-16720,train
A-16721,train
A-16722,train
A-16723,train
A-16724,train
A-16725,validation
A-16726,validation
A-16727,test
A-16728,validation
A-16729,validation
A-16730,train
A-16731,test
A-16732,train
A-16733,train
A-16734,validation
A-16735,train
A-16736,train
A-16737,validation
A-16738,train
A-16739,test
A-16740,train
A-16741,test
A-16742,train
A-16743,test
A-16744,train
A-16745,train
A-16746,train
A-16747,train
A-16748,train
A-16749,train
A-16750,train
A-16751,train
A-16752,test
A-16753,train
A-16754,train
A-16755,validation
A-16756,train
A-16757,train
A-16758,train
A-16759,train
A-16760,train
A-16761,train
A-16762,train
A-16763,train
A-16764,test
A-16765,train
A-16766,train
A-16767,train
A-16768,train
A-16769,train
A-16770,train
A-16771,train
A-16772,train
A-16773,train
A-16774,train
A-16775,test
A-16776,train
A-16777,train
A-16778,train
A-16779,train
A-16780,train
A-16781,validation
A-16782,train
A-16783,train
A-16784,train
A-16785,test
A-16786,train
A-16787,train
A-16788,validation
A-16789,train
A-16790,test
A-16791,train
A-16792,train
A-16793,test
A-16794,train
A-16795,train
A-16796,train
A-16797,train
A-16798,train
A-16799,train
A-16800,train
A-16801,train
A-16802,train
A-16803,train
A-16804,train
A-16805,test
A-16806,train
A-16807,train
A-16808,train
A-16809,train
A-16810,test
A-16811,test
A-16812,train
A-16813,train
A-16814,train
A-16815,train
A-16816,validation
A-16817,validation
A-16818,test
A-16819,train
A-16820,train
A-16821,train
A-16822,train
A-16823,test
A-16824,train
A-16825,train
A-16826,train
A-16827,validation
A-16828,train
A-16829,train
A-16830,validation
A-16831,train
A-16832,train
A-16833,train
A-16834,train
A-16835,train
A-16836,train
A-16837,train
A-16838,train
A-16839,train
A-16840,train
A-16841,train
A-16842,train
A-16843,train
A-16844,train
A-16845,train
A-16846,validation
A-16847,validation
A-16848,train
A-16849,test
A-16850,train
A-16851,test
A-16852,validation
A-16853,train
A-16854,test
A-16855,validation
A-16856,validation
A-16857,train
A-16858,test
A-16859,train
A-16860,train
A-16861,train
A-16862,validation
A-16863,train
A-16864,train
A-16865,train
A-16866,train
A-16867,train
A-16868,test
A-16869,train
A-16870,train
A-16871,train
A-16872,train
A-16873,train
A-16874,train
A-16875,train
A-16876,train
A-16877,test
A-16878,train
A-16879,train
A-16880,train
A-16881,train
A-16882,train
A-16883,train
A-16884,train
A-16885,validation
A-16886,train
A-16887,train
A-16888,validation
A-16889,train
A-16890,train
A-16891,validation
A-16892,train
A-16893,train
A-16894,train
A-16895,train
A-16896,train
A-16897,train
A-16898,train
A-16899,validation
A-16900,train
A-16901,train
A-16902,train
A-16903,test
A-16904,train
A-16905,train
A-16906,train
A-16907,validation
A-16908,test
A-16909,train
A-16910,train
A-16911,train
A-16912,train
A-16913,train
A-16914,test
A-16915,train
A-16916,train
A-16917,test
A-16918,train
A-16919,train
A-16920,train
A-16921,train
A-16922,train
A-16923,train
A-16924,validation
A-16925,train
A-16926,test
A-16927,validation
A-16928,test
A-16929,train
A-16930,validation
A-16931,train
A-16932,test
A-16933,train
A-16934,train
A-16935,train
A-16936,test
A-16937,train
A-16938,train
A-16939,train
A-16940,validation
A-16941,train
A-16942,train
A-16943,train
A-16944,train
A-16945,test
A-16946,train
A-16947,train
A-16948,test
A-16949,train
A-16950,train
A-16951,train
A-16952,train
A-16953,train
A-16954,train
A-16955,train
A-16956,train
A-16957,validation
A-16958,train
A-16959,test
A-16960,train
A-16961,train
A-16962,train
A-16963,train
A-16964,test
A-16965,train
A-16966,train
A-16967,train
A-16968,train
A-16969,train
A-16970,train
A-16971,test
A-16972,train
A-16973,test
A-16974,test
A-16975,train
A-16976,train
A-16977,train
A-16978,train
A-16979,train
A-16980,test
A-16981,train
A-16982,train
A-16983,train
A-16984,validation
A-16985,train
A-16986,train
A-16987,train
A-16988,train
A-16989,train
A-16990,train
A-16991,train
A-16992,train
A-16993,train
A-16994,test
A-16995,test
A-16996,train
A-16997,train
A-16998,train
A-16999,train
A-17000,test
A-17001,train
A-17002,train
A-17003,train
A-17004,train
A-17005,train
A-17006,train
A-17007,train
A-17008,train
A-17009,train
A-17010,validation
A-17011,validation
A-17012,train
A-17013,train
A-17014,train
A-17015,train
A-17016,train
A-17017,train
A-17018,train
A-17019,train
A-17020,train
A-17021,test
A-17022,train
A-17023,train
A-17024,train
A-17025,validation
A-17026,train
A-17027,train
A-17028,train
A-17029,validation
A-17030,train
A-17031,test
A-17032,validation
A-17033,test
A-17034,train
A-17035,validation
A-17036,train
A-17037,train
A-17038,validation
A-17039,train
A-17040,validation
A-17041,validation
A-17042,train
A-17043,train
A-17044,train
A-17045,train
A-17046,test
A-17047,train
A-17048,train
A-17049,test
A-17050,train
A-17051,train
A-17052,train
A-17053,train
A-17054,train
A-17055,train
A-17056,validation
A-17057,train
A-17058,validation
A-17059,test
A-17060,train
A-17061,train
A-17062,train
A-17063,validation
A-17064,train
A-17065,validation
A-17066,train
A-17067,train
A-17068,train
A-17069,train
A-17070,train
A-17071,test
A-17072,train
A-17073,test
A-17074,test
A-17075,train
A-17076,train
A-17077,validation
A-17078,train
A-17079,train
A-17080,train
A-17081,train
A-17082,train
A-17083,train
A-17084,train
A-17085,train
A-17086,test
A-17087,train
A-17088,validation
A-17089,validation
A-17090,train
A-17091,train
A-17092,train
A-17093,train
A-17094,train
A-17095,validation
A-17096,validation
A-17097,validation
A-17098,train
A-17099,test
A-17100,train
A-17101,train
A-17102,train
A-17103,train
A-17104,validation
A-17105,validation
A-17106,validation
A-17107,train
A-17108,train
A-17109,test
A-17110,train
A-17111,test
A-17112,validation
A-17113,validation
A-17114,train
A-17115,train
A-17116,train
A-17117,train
A-17118,train
A-17119,test
A-17120,train
A-17121,train
A-17122,train
A-17123,train
A-17124,train
A-17125,validation
A-17126,validation
A-17127,train
A-17128,train
A-17129,train
A-17130,validation
A-17131,train
A-17132,train
A-17133,validation
A-17134,test
A-17135,train
A-17136,train
A-17137,train
A-17138,train
A-17139,train
A-17140,train
A-17141,train
A-17142,train
A-17143,train
A-17144,train
A-17145,train
A-17146,validation
A-17147,train
A-17148,validation
A-17149,train
A-17150,test
A-17151,train
A-17152,train
A-17153,train
A-17154,train
A-17155,train
A-17156,train
A-17157,validation
A-17158,train
A-17159,train
A-17160,test
A-17161,train
A-17162,train
A-17163,train
A-17164,train
A-17165,test
A-17166,train
A-17167,train
A-17168,validation
A-17169,train
A-17170,train
A-17171,train
A-17172,validation
A-17173,train
A-17174,test
A-17175,train
A-17176,train
A-17177,train
A-17178,train
A-17179,train
A-17180,validation
A-17181,train
A-17182,train
A-17183,train
A-17184,train
A-17185,train
A-17186,test
A-17187,train
A-17188,train
A-17189,train
A-17190,train
A-17191,train
A-17192,test
A-17193,validation
A-17194,train
A-17195,test
A-17196,train
A-17197,train
A-17198,test
A-17199,train
A-17200,train
A-17201,train
A-17202,train
A-17203,test
A-17204,train
A-17205,test
A-17206,train
A-17207,train
A-17208,validation
A-17209,test
A-17210,train
A-17211,train
A-17212,train
A-17213,validation
A-17214,validation
A-17215,train
A-17216,test
A-17217,train
A-17218,train
A-17219,train
A-17220,train
A-17221,validation
A-17222,train
A-17223,train
A-17224,train
A-17225,validation
A-17226,train
A-17227,train
A-17228,test
A-17229,validation
A-17230,validation
A-17231,train
A-17232,train
A-17233,test
A-17234,test
A-17235,train
A-17236,validation
A-17237,validation
A-17238,train
A-17239,test
A-17240,validation
A-17241,train
A-17242,validation
A-17243,test
A-17244,test
A-17245,train
A-17246,train
A-17247,train
A-17248,train
A-17249,train
A-17250,train
A-17251,validation
A-17252,train
A-17253,test
A-17254,train
A-17255,train
A-17256,train
A-17257,train
A-17258,train
A-17259,train
A-17260,validation
A-17261,train
A-17262,train
A-17263,test
A-17264,train
A-17265,train
A-17266,train
A-17267,validation
A-17268,train
A-17269,validation
A-17270,train
A-17271,test
A-17272,validation
A-17273,validation
A-17274,train
A-17275,train
A-17276,train
A-17277,train
A-17278,test
A-17279,validation
A-17280,test
A-17281,train
A-17282,validation
A-17283,train
A-17284,train
A-17285,validation
A-17286,train
A-17287,train
A-17288,train
A-17289,test
A-17290,validation
A-17291,train
A-17292,test
A-17293,train
A-17294,test
A-17295,train
A-17296,train
A-17297,validation
A-17298,train
A-17299,train
A-17300,test
A-17301,validation
A-17302,train
A-17303,test
A-17304,validation
A-17305,train
A-17306,validation
A-17307,train
A-17308,train
A-17309,train
A-17310,validation
A-17311,train
A-17312,train
A-17313,train
A-17314,validation
A-17315,test
A-17316,train
A-17317,train
A-17318,test
A-17319,test
A-17320,test
A-17321,train
A-17322,test
A-17323,test
A-17324,train
A-17325,test
A-17326,train
A-17327,train
A-17328,test
A-17329,test
A-17330,train
A-17331,test
A-17332,train
A-17333,validation
A-17334,train
A-17335,train
A-17336,train
A-17337,train
A-17338,train
A-17339,train
A-17340,train
A-17341,train
A-17342,validation
A-17343,validation
A-17344,train
A-17345,train
A-17346,train
A-17347,train
A-17348,train
A-17349,train
A-17350,train
A-17351,train
A-17352,train
A-17353,train
A-17354,validation
A-17355,train
A-17356,validation
A-17357,train
A-17358,test
A-17359,train
A-17360,train
A-17361,train
A-17362,train
A-17363,validation
A-17364,train
A-17365,test
A-17366,train
A-17367,test
A-17368,train
A-17369,validation
A-17370,validation
A-17371,train
A-17372,train
A-17373,train
A-17374,train
A-17375,train
A-17376,train
A-17377,train
A-17378,train
A-17379,test
A-17380,train
A-17381,train
A-17382,test
A-17383,train
A-17384,train
A-17385,test
A-17386,train
A-17387,train
A-17388,train
A-17389,train
A-17390,train
A-17391,train
A-17392,train
A-17393,train
A-17394,train
A-17395,train
A-17396,train
A-17397,test
A-17398,validation
A-17399,train
A-17400,train
A-17401,train
A-17402,test
A-17403,train
A-17404,test
A-17405,test
A-17406,train
A-17407,train
A-17408,validation
A-17409,validation
A-17410,test
A-17411,train
A-17412,test
A-17413,train
A-17414,train
A-17415,train
A-17416,train
A-17417,train
A-17418,train
A-17419,train
A-17420,train
A-17421,train
A-17422,train
A-17423,train
A-17424,train
A-17425,train
A-17426,train
A-17427,train
A-17428,train
A-17429,test
A-17430,train
A-17431,train
A-17432,train
A-17433,validation
A-17434,train
A-17435,train
A-17436,validation
A-17437,train
A-17438,train
A-17439,test
A-17440,train
A-17441,train
A-17442,train
A-17443,train
A-17444,train
A-17445,train
A-17446,train
A-17447,train
A-17448,train
A-17449,test
A-17450,train
A-17451,train
A-17452,validation
A-17453,train
A-17454,validation
A-17455,train
A-17456,test
A-17457,train
A-17458,train
A-17459,train
A-17460,validation
A-17461,validation
A-17462,train
A-17463,train
A-17464,train
A-17465,validation
A-17466,train
A-17467,test
A-17468,train
A-17469,train
A-17470,train
A-17471,train
A-17472,train
A-17473,train
A-17474,train
A-17475,test
A-17476,train
A-17477,validation
A-17478,train
A-17479,train
A-17480,validation
A-17481,train
A-17482,train
A-17483,train
A-17484,train
A-17485,validation
A-17486,train
A-17487,train
A-17488,train
A-17489,train
A-17490,train
A-17491,test
A-17492,train
A-17493,validation
A-17494,train
A-17495,train
A-17496,train
A-17497,test
A-17498,validation
A-17499,train
A-17500,train
A-17501,test
A-17502,test
A-17503,train
A-17504,test
A-17505,train
A-17506,train
A-17507,test
A-17508,train
A-17509,train
A-17510,test
A-17511,train
A-17512,train
A-17513,train
A-17514,train
A-17515,validation
A-17516,train
A-17517,train
A-17518,train
A-17519,train
A-17520,train
A-17521,train
A-17522,train
A-17523,train
A-17524,train
A-17525,train
A-17526,train
A-17527,train
A-17528,train
A-17529,train
A-17530,validation
A-17531,train
A-17532,train
A-17533,train
A-17534,train
A-17535,train
A-17536,train
A-17537,test
A-17538,train
A-17539,train
A-17540,train
A-17541,train
A-17542,train
A-17543,train
A-17544,validation
A-17545,train
A-17546,train
A-17547,validation
A-17548,train
A-17549,test
A-17550,train
A-17551,train
A-17552,validation
A-17553,train
A-17554,train
A-17555,train
A-17556,validation
A-17557,train
A-17558,test
A-17559,train
A-17560,train
A-17561,validation
A-17562,train
A-17563,train
A-17564,train
A-17565,train
A-17566,train
A-17567,train
A-17568,train
A-17569,train
A-17570,train
A-17571,validation
A-17572,train
A-17573,train
A-17574,train
A-17575,train
A-17576,train
A-17577,train
A-17578,train
A-17579,train
A-17580,train
A-17581,test
A-17582,validation
A-17583,train
A-17584,train
A-17585,train
A-17586,train
A-17587,train
A-17588,train
A-17589,train
A-17590,train
A-17591,train
A-17592,train
A-17593,train
A-17594,test
A-17595,test
A-17596,validation
A-17597,train
A-17598,train
A-17599,train
A-17600,train
A-17601,test
A-17602,train
A-17603,train
A-17604,train
A-17605,train
A-17606,test
A-17607,train
A-17608,train
A-17609,train
A-17610,validation
A-17611,train
A-17612,train
A-17613,validation
A-17614,train
A-17615,train
A-17616,train
A-17617,test
A-17618,train
A-17619,validation
A-17620,train
A-17621,train
A-17622,validation
A-17623,train
A-17624,validation
A-17625,train
A-17626,train
A-17627,train
A-17628,train
A-17629,test
A-17630,validation
A-17631,test
A-17632,train
A-17633,train
A-17634,train
A-17635,train
A-17636,validation
A-17637,train
A-17638,validation
A-17639,test
A-17640,test
A-17641,train
A-17642,train
A-17643,train
A-17644,train
A-17645,train
A-17646,test
A-17647,train
A-17648,train
A-17649,validation
A-17650,train
A-17651,train
A-17652,train
A-17653,train
A-17654,train
A-17655,train
A-17656,train
A-17657,train
A-17658,test
A-17659,train
A-17660,test
A-17661,test
A-17662,train
A-17663,train
A-17664,train
A-17665,train
A-17666,train
A-17667,train
A-17668,train
A-17669,train
A-17670,train
A-17671,validation
A-17672,train
A-17673,validation
A-17674,train
A-17675,train
A-17676,validation
A-17677,train
A-17678,train
A-17679,test
A-17680,test
A-17681,validation
A-17682,validation
A-17683,train
A-17684,train
A-17685,train
A-17686,train
A-17687,train
A-17688,train
A-17689,train
A-17690,train
A-17691,test
A-17692,validation
A-17693,train
A-17694,test
A-17695,validation
A-17696,validation
A-17697,train
A-17698,train
A-17699,train
A-17700,train
A-17701,validation
A-17702,test
A-17703,train
A-17704,train
A-17705,train
A-17706,train
A-17707,validation
A-17708,train
A-17709,train
A-17710,train
A-17711,test
A-17712,test
A-17713,train
A-17714,test
A-17715,test
A-17716,validation
A-17717,train
A-17718,train
A-17719,test
A-17720,train
A-17721,train
A-17722,train
A-17723,train
A-17724,test
A-17725,train
A-17726,train
A-17727,train
A-17728,train
A-17729,train
A-17730,validation
A-17731,train
A-17732,train
A-17733,train
A-17734,train
A-17735,validation
A-17736,train
A-17737,validation
A-17738,test
A-17739,train
A-17740,train
A-17741,train
A-17742,train
A-17743,test
A-17744,train
A-17745,train
A-17746,train
A-17747,train
A-17748,train
A-17749,train
A-17750,validation
A-17751,validation
A-17752,test
A-17753,train
A-17754,validation
A-17755,train
A-17756,test
A-17757,train
A-17758,test
A-17759,validation
A-17760,train
A-17761,train
A-17762,test
A-17763,train
A-17764,train
A-17765,train
A-17766,train
A-17767,validation
A-17768,train
A-17769,train
A-17770,train
A-17771,validation
A-17772,train
A-17773,train
A-17774,validation
A-17775,train
A-17776,train
A-17777,validation
A-17778,train
A-17779,train
A-17780,test
A-17781,test
A-17782,train
A-17783,train
A-17784,train
A-17785,train
A-17786,train
A-17787,validation
A-17788,test
A-17789,train
A-17790,train
A-17791,train
A-17792,train
A-17793,validation
A-17794,test
A-17795,train
A-17796,train
A-17797,train
A-17798,train
A-17799,test
A-17800,train
A-17801,test
A-17802,train
A-17803,train
A-17804,train
A-17805,train
A-17806,train
A-17807,train
A-17808,train
A-17809,train
A-17810,test
A-17811,test
A-17812,test
A-17813,test
A-17814,validation
A-17815,train
A-17816,train
A-17817,train
A-17818,train
A-17819,train
A-17820,validation
A-17821,train
A-17822,train
A-17823,train
A-17824,train
A-17825,train
A-17826,train
A-17827,test
A-17828,test
A-17829,validation
A-17830,train
A-17831,test
A-17832,train
A-17833,train
A-17834,train
A-17835,train
A-17836,train
A-17837,train
A-17838,validation
A-17839,train
A-17840,validation
A-17841,train
A-17842,validation
A-17843,train
A-17844,test
A-17845,train
A-17846,train
A-17847,train
A-17848,train
A-17849,train
A-17850,train
A-17851,validation
A-17852,train
A-17853,validation
A-17854,train
A-17855,validation
A-17856,validation
A-17857,train
A-17858,test
A-17859,validation
A-17860,train
A-17861,train
A-17862,validation
A-17863,train
A-17864,train
A-17865,train
A-17866,train
A-17867,train
A-17868,test
A-17869,train
A-17870,train
A-17871,train
A-17872,test
A-17873,train
A-17874,train
A-17875,train
A-17876,test
A-17877,validation
A-17878,train
A-17879,validation
A-17880,test
A-17881,train
A-17882,train
A-17883,train
A-17884,train
A-17885,train
A-17886,validation
A-17887,train
A-17888,train
A-17889,train
A-17890,train
A-17891,train
A-17892,train
A-17893,validation
A-17894,train
A-17895,train
A-17896,validation
A-17897,train
A-17898,test
A-17899,train
A-17900,train
A-17901,train
A-17902,test
A-17903,validation
A-17904,train
A-17905,test
A-17906,train
A-17907,train
A-17908,train
A-17909,test
A-17910,train
A-17911,validation
A-17912,train
A-17913,test
A-17914,train
A-17915,train
A-17916,train
A-17917,validation
A-17918,train
A-17919,train
A-17920,train
A-17921,test
A-17922,train
A-17923,test
A-17924,train
A-17925,train
A-17926,validation
A-17927,validation
A-17928,train
A-17929,train
A-17930,train
A-17931,train
A-17932,train
A-17933,train
A-17934,test
A-17935,validation
A-17936,train
A-17937,train
A-17938,train
A-17939,train
A-17940,train
A-17941,validation
A-17942,train
A-17943,test
A-17944,train
A-17945,train
A-17946,train
A-17947,test
A-17948,train
A-17949,train
A-17950,train
A-17951,train
A-17952,train
A-17953,train
A-17954,train
A-17955,train
A-17956,train
A-17957,train
A-17958,train
A-17959,validation
A-17960,test
A-17961,test
A-17962,train
A-17963,train
A-17964,train
A-17965,train
A-17966,train
A-17967,train
A-17968,validation
A-17969,train
A-17970,train
A-17971,train
A-17972,train
A-17973,train
A-17974,train
A-17975,train
A-17976,train
A-17977,train
A-17978,test
A-17979,test
A-17980,test
A-17981,validation
A-17982,validation
A-17983,validation
A-17984,train
A-17985,train
A-17986,test
A-17987,train
A-17988,train
A-17989,train
A-17990,test
A-17991,train
A-17992,train
A-17993,train
A-17994,validation
A-17995,train
A-17996,train
A-17997,train
A-17998,train
A-17999,train
A-18000,validation
A-18001,train
A-18002,validation
A-18003,train
A-18004,train
A-18005,train
A-18006,train
A-18007,train
A-18008,train
A-18009,train
A-18010,train
A-18011,train
A-18012,train
A-18013,train
A-18014,train
A-18015,train
A-18016,train
A-18017,train
A-18018,test
A-18019,train
A-18020,train
A-18021,train
A-18022,train
A-18023,test
A-18024,train
A-18025,train
A-18026,test
A-18027,validation
A-18028,test
A-18029,validation
A-18030,validation
A-18031,train
A-18032,train
A-18033,validation
A-18034,train
A-18035,train
A-18036,test
A-18037,train
A-18038,train
A-18039,train
A-18040,test
A-18041,test
A-18042,train
A-18043,test
A-18044,train
A-18045,train
A-18046,train
A-18047,train
A-18048,train
A-18049,train
A-18050,validation
A-18051,train
A-18052,train
A-18053,train
A-18054,train
A-18055,validation
A-18056,train
A-18057,train
A-18058,validation
A-18059,train
A-18060,train
A-18061,train
A-18062,train
A-18063,train
A-18064,train
A-18065,train
A-18066,validation
A-18067,train
A-18068,train
A-18069,train
A-18070,train
A-18071,train
A-18072,test
A-18073,train
A-18074,test
A-18075,train
A-18076,validation
A-18077,train
A-18078,test
A-18079,train
A-18080,train
A-18081,train
A-18082,train
A-18083,validation
A-18084,validation
A-18085,train
A-18086,train
A-18087,train
A-18088,validation
A-18089,train
A-18090,test
A-18091,validation
A-18092,validation
A-18093,test
A-18094,test
A-18095,train
A-18096,train
A-18097,validation
A-18098,test
A-18099,train
A-18100,train
A-18101,train
A-18102,train
A-18103,train
A-18104,train
A-18105,train
A-18106,validation
A-18107,test
A-18108,train
A-18109,train
A-18110,train
A-18111,test
A-18112,test
A-18113,train
A-18114,validation
A-18115,train
A-18116,train
A-18117,train
A-18118,train
A-18119,train
A-18120,test
A-18121,train
A-18122,train
A-18123,train
A-18124,train
A-18125,train
A-18126,train
A-18127,train
A-18128,validation
A-18129,test
A-18130,train
A-18131,train
A-18132,test
A-18133,train
A-18134,validation
A-18135,test
A-18136,train
A-18137,validation
A-18138,train
A-18139,train
A-18140,train
A-18141,train
A-18142,train
A-18143,test
A-18144,test
A-18145,train
A-18146,train
A-18147,train
A-18148,validation
A-18149,train
A-18150,validation
A-18151,train
A-18152,train
A-18153,train
A-18154,test
A-18155,test
A-18156,validation
A-18157,train
A-18158,train
A-18159,test
A-18160,train
A-18161,train
A-18162,train
A-18163,train
A-18164,train
A-18165,train
A-18166,validation
A-18167,validation
A-18168,train
A-18169,train
A-18170,train
A-18171,train
A-18172,validation
A-18173,train
A-18174,train
A-18175,train
A-18176,test
A-18177,validation
A-18178,train
A-18179,train
A-18180,train
A-18181,validation
A-18182,train
A-18183,train
A-18184,train
A-18185,test
A-18186,test
A-18187,train
A-18188,train
A-18189,train
A-18190,validation
A-18191,train
A-18192,train
A-18193,test
A-18194,train
A-18195,train
A-18196,train
A-18197,test
A-18198,train
A-18199,train
A-18200,train
A-18201,train
A-18202,test
A-18203,train
A-18204,train
A-18205,train
A-18206,train
A-18207,train
A-18208,train
A-18209,validation
A-18210,train
A-18211,train
A-18212,test
A-18213,train
A-18214,test
A-18215,train
A-18216,validation
A-18217,train
A-18218,train
A-18219,validation
A-18220,train
A-18221,train
A-18222,validation
A-18223,train
A-18224,train
A-18225,train
A-18226,train
A-18227,train
A-18228,train
A-18229,train
A-18230,test
A-18231,train
A-18232,train
A-18233,train
A-18234,validation
A-18235,validation
A-18236,train
A-18237,validation
A-18238,train
A-18239,train
A-18240,train
A-18241,train
A-18242,train
A-18243,train
A-18244,test
A-18245,train
A-18246,test
A-18247,train
A-18248,train
A-18249,train
A-18250,train
A-18251,train
A-18252,validation
A-18253,train
A-18254,test
A-18255,train
A-18256,train
A-18257,train
A-18258,validation
A-18259,train
A-18260,train
A-18261,train
A-18262,train
A-18263,validation
A-18264,train
A-18265,train
A-18266,validation
A-18267,train
A-18268,test
A-18269,train
A-18270,train
A-18271,validation
A-18272,train
A-18273,train
A-18274,train
A-18275,validation
A-18276,train
A-18277,test
A-18278,test
A-18279,train
A-18280,train
A-18281,train
A-18282,train
A-18283,train
A-18284,train
A-18285,train
A-18286,train
A-18287,train
A-18288,train
A-18289,validation
A-18290,train
A-18291,validation
A-18292,test
A-18293,train
A-18294,train
A-18295,test
A-18296,train
A-18297,train
A-18298,validation
A-18299,train
A-18300,train
A-18301,train
A-18302,validation
A-18303,train
A-18304,train
A-18305,validation
A-18306,train
A-18307,test
A-18308,train
A-18309,train
A-18310,validation
A-18311,train
A-18312,train
A-18313,test
A-18314,train
A-18315,train
A-18316,validation
A-18317,train
A-18318,train
A-18319,train
A-18320,train
A-18321,test
A-18322,train
A-18323,validation
A-18324,train
A-18325,train
A-18326,validation
A-18327,test
A-18328,train
A-18329,train
A-18330,validation
A-18331,train
A-18332,train
A-18333,train
A-18334,train
A-18335,train
A-18336,train
A-18337,train
A-18338,train
A-18339,train
A-18340,train
A-18341,train
A-18342,train
A-18343,train
A-18344,train
A-18345,test
A-18346,validation
A-18347,train
A-18348,test
A-18349,train
A-18350,train
A-18351,train
A-18352,train
A-18353,train
A-18354,train
A-18355,train
A-18356,train
A-18357,train
A-18358,train
A-18359,train
A-18360,train
A-18361,test
A-18362,train
A-18363,test
A-18364,train
A-18365,train
A-18366,train
A-18367,train
A-18368,train
A-18369,test
A-18370,validation
A-18371,train
A-18372,test
A-18373,train
A-18374,train
A-18375,train
A-18376,train
A-18377,train
A-18378,train
A-18379,train
A-18380,test
A-18381,train
A-18382,train
A-18383,train
A-18384,train
A-18385,test
A-18386,train
A-18387,train
A-18388,train
A-18389,train
A-18390,validation
A-18391,train
A-18392,train
A-18393,train
A-18394,train
A-18395,validation
A-18396,test
A-18397,train
A-18398,train
A-18399,train
A-18400,train
A-18401,test
A-18402,train
A-18403,train
A-18404,train
A-18405,train
A-18406,train
A-18407,test
A-18408,validation
A-18409,train
A-18410,test
A-18411,train
A-18412,train
A-18413,validation
A-18414,train
A-18415,train
A-18416,train
A-18417,train
A-18418,validation
A-18419,train
A-18420,train
A-18421,train
A-18422,train
A-18423,train
A-18424,train
A-18425,train
A-18426,train
A-18427,validation
A-18428,validation
A-18429,train
A-18430,train
A-18431,test
A-18432,train
A-18433,train
A-18434,train
A-18435,train
A-18436,train
A-18437,train
A-18438,test
A-18439,train
A-18440,validation
A-18441,train
A-18442,train
A-18443,test
A-18444,train
A-18445,validation
A-18446,test
A-18447,test
A-18448,train
A-18449,train
A-18450,test
A-18451,train
A-18452,train
A-18453,train
A-18454,validation
A-18455,train
A-18456,train
A-18457,train
A-18458,train
A-18459,test
A-18460,train
A-18461,test
A-18462,train
A-18463,train
A-18464,validation
A-18465,train
A-18466,validation
A-18467,validation
A-18468,train
A-18469,train
A-18470,validation
A-18471,train
A-18472,train
A-18473,test
A-18474,validation
A-18475,train
A-18476,train
A-18477,test
A-18478,train
A-18479,train
A-18480,train
A-18481,train
A-18482,train
A-18483,train
A-18484,train
A-18485,train
A-18486,test
A-18487,validation
A-18488,train
A-18489,validation
A-18490,train
A-18491,train
A-18492,train
A-18493,train
A-18494,train
A-18495,test
A-18496,train
A-18497,train
A-18498,train
A-18499,train
A-18500,train
A-18501,train
A-18502,validation
A-18503,train
A-18504,validation
A-18505,train
A-18506,validation
A-18507,validation
A-18508,validation
A-18509,train
A-18510,train
A-18511,train
A-18512,train
A-18513,validation
A-18514,train
A-18515,train
A-18516,train
A-18517,train
A-18518,test
A-18519,train
A-18520,validation
A-18521,train
A-18522,train
A-18523,train
A-18524,validation
A-18525,validation
A-18526,validation
A-18527,train
A-18528,train
A-18529,train
A-18530,train
A-18531,train
A-18532,test
A-18533,train
A-18534,train
A-18535,validation
A-18536,train
A-18537,train
A-18538,train
A-18539,train
A-18540,train
A-18541,train
A-18542,validation
A-18543,train
A-18544,train
A-18545,train
A-18546,train
A-18547,validation
A-18548,train
A-18549,train
A-18550,train
A-18551,test
A-18552,train
A-18553,validation
A-18554,train
A-18555,train
A-18556,test
A-18557,validation
A-18558,test
A-18559,train
A-18560,train
A-18561,train
A-18562,test
A-18563,train
A-18564,train
A-18565,train
A-18566,train
A-18567,train
A-18568,train
A-18569,train
A-18570,validation
A-18571,train
A-18572,train
A-18573,test
A-18574,test
A-18575,train
A-18576,train
A-18577,train
A-18578,test
A-18579,train
A-18580,train
A-18581,validation
A-18582,test
A-18583,train
A-18584,validation
A-18585,train
A-18586,train
A-18587,train
A-18588,validation
A-18589,train
A-18590,train
A-18591,train
A-18592,test
A-18593,test
A-18594,test
A-18595,test
A-18596,train
A-18597,train
A-18598,train
A-18599,test
A-18600,train
A-18601,train
A-18602,test
A-18603,test
A-18604,train
A-18605,train
A-18606,train
A-18607,train
A-18608,train
A-18609,train
A-18610,test
A-18611,test
A-18612,test
A-18613,train
A-18614,train
A-18615,test
A-18616,train
A-18617,train
A-18618,train
A-18619,train
A-18620,train
A-18621,train
A-18622,train
A-18623,train
A-18624,validation
A-18625,train
A-18626,train
A-18627,train
A-18628,train
A-18629,train
A-18630,test
A-18631,train
A-18632,train
A-18633,train
A-18634,train
A-18635,train
A-18636,validation
A-18637,train
A-18638,test
A-18639,test
A-18640,validation
A-18641,test
A-18642,train
A-18643,test
A-18644,train
A-18645,train
A-18646,train
A-18647,train
A-18648,validation
A-18649,train
A-18650,test
A-18651,validation
A-18652,validation
A-18653,train
A-18654,test
A-18655,validation
A-18656,train
A-18657,validation
A-18658,train
A-18659,train
A-18660,train
A-18661,train
A-18662,train
A-18663,train
A-18664,train
A-18665,train
A-18666,train
A-18667,validation
A-18668,train
A-18669,train
A-18670,train
A-18671,validation
A-18672,train
A-18673,train
A-18674,train
A-18675,train
A-18676,train
A-18677,train
A-18678,train
A-18679,train
A-18680,train
A-18681,test
A-18682,train
A-18683,train
A-18684,validation
A-18685,train
A-18686,train
A-18687,train
A-18688,train
A-18689,train
A-18690,validation
A-18691,validation
A-18692,train
A-18693,train
A-18694,train
A-18695,train
A-18696,train
A-18697,test
A-18698,train
A-18699,validation
A-18700,train
A-18701,train
A-18702,train
A-18703,train
A-18704,test
A-18705,train
A-18706,test
A-18707,train
A-18708,train
A-18709,train
A-18710,test
A-18711,validation
A-18712,train
A-18713,train
A-18714,test
A-18715,test
A-18716,train
A-18717,train
A-18718,train
